# Postnummerregisteret fra Posten Bring AS, under Norsk lisens for offentlige data (NLOD 2.0).
# https://data.norge.no/datasets/f7508db5-2167-3356-ab5e-aacffce2a9b6
# postnummer	poststed	kommunenummer	kommune	kategori
0001	Oslo	0301	Oslo	P
0010	Oslo	0301	Oslo	B
0015	Oslo	0301	Oslo	B
0018	Oslo	0301	Oslo	S
0021	Oslo	0301	Oslo	P
0024	Oslo	0301	Oslo	P
0026	Oslo	0301	Oslo	B
0028	Oslo	0301	Oslo	P
0030	Oslo	0301	Oslo	P
0032	Oslo	0301	Oslo	P
0033	Oslo	0301	Oslo	P
0034	Oslo	0301	Oslo	P
0037	Oslo	0301	Oslo	B
0040	Oslo	0301	Oslo	P
0045	Oslo	0301	Oslo	S
0046	Oslo	0301	Oslo	S
0047	Oslo	0301	Oslo	S
0048	Oslo	0301	Oslo	P
0050	Oslo	0301	Oslo	G
0055	Oslo	0301	Oslo	P
0101	Oslo	0301	Oslo	P
0102	Oslo	0301	Oslo	P
0103	Oslo	0301	Oslo	P
0104	Oslo	0301	Oslo	P
0105	Oslo	0301	Oslo	P
0106	Oslo	0301	Oslo	P
0107	Oslo	0301	Oslo	P
0109	Oslo	0301	Oslo	P
0110	Oslo	0301	Oslo	P
0111	Oslo	0301	Oslo	P
0112	Oslo	0301	Oslo	P
0113	Oslo	0301	Oslo	P
0114	Oslo	0301	Oslo	P
0115	Oslo	0301	Oslo	P
0116	Oslo	0301	Oslo	P
0117	Oslo	0301	Oslo	P
0118	Oslo	0301	Oslo	P
0119	Oslo	0301	Oslo	P
0120	Oslo	0301	Oslo	P
0121	Oslo	0301	Oslo	P
0122	Oslo	0301	Oslo	P
0123	Oslo	0301	Oslo	P
0124	Oslo	0301	Oslo	P
0125	Oslo	0301	Oslo	P
0129	Oslo	0301	Oslo	P
0130	Oslo	0301	Oslo	P
0131	Oslo	0301	Oslo	P
0132	Oslo	0301	Oslo	P
0133	Oslo	0301	Oslo	P
0134	Oslo	0301	Oslo	P
0135	Oslo	0301	Oslo	P
0136	Oslo	0301	Oslo	P
0138	Oslo	0301	Oslo	P
0139	Oslo	0301	Oslo	G
0140	Oslo	0301	Oslo	P
0150	Oslo	0301	Oslo	G
0151	Oslo	0301	Oslo	G
0152	Oslo	0301	Oslo	G
0153	Oslo	0301	Oslo	G
0154	Oslo	0301	Oslo	G
0155	Oslo	0301	Oslo	G
0157	Oslo	0301	Oslo	G
0158	Oslo	0301	Oslo	G
0159	Oslo	0301	Oslo	G
0160	Oslo	0301	Oslo	G
0161	Oslo	0301	Oslo	G
0162	Oslo	0301	Oslo	G
0164	Oslo	0301	Oslo	G
0165	Oslo	0301	Oslo	G
0166	Oslo	0301	Oslo	G
0167	Oslo	0301	Oslo	G
0168	Oslo	0301	Oslo	G
0169	Oslo	0301	Oslo	G
0170	Oslo	0301	Oslo	G
0171	Oslo	0301	Oslo	G
0172	Oslo	0301	Oslo	G
0173	Oslo	0301	Oslo	G
0174	Oslo	0301	Oslo	G
0175	Oslo	0301	Oslo	G
0176	Oslo	0301	Oslo	G
0177	Oslo	0301	Oslo	G
0178	Oslo	0301	Oslo	G
0179	Oslo	0301	Oslo	G
0180	Oslo	0301	Oslo	G
0181	Oslo	0301	Oslo	G
0182	Oslo	0301	Oslo	G
0183	Oslo	0301	Oslo	G
0184	Oslo	0301	Oslo	G
0185	Oslo	0301	Oslo	G
0186	Oslo	0301	Oslo	G
0187	Oslo	0301	Oslo	G
0188	Oslo	0301	Oslo	G
0190	Oslo	0301	Oslo	G
0191	Oslo	0301	Oslo	G
0192	Oslo	0301	Oslo	G
0193	Oslo	0301	Oslo	G
0194	Oslo	0301	Oslo	G
0195	Oslo	0301	Oslo	G
0196	Oslo	0301	Oslo	G
0198	Oslo	0301	Oslo	G
0201	Oslo	0301	Oslo	P
0202	Oslo	0301	Oslo	P
0203	Oslo	0301	Oslo	P
0204	Oslo	0301	Oslo	P
0207	Oslo	0301	Oslo	P
0208	Oslo	0301	Oslo	P
0211	Oslo	0301	Oslo	P
0212	Oslo	0301	Oslo	P
0213	Oslo	0301	Oslo	P
0214	Oslo	0301	Oslo	P
0215	Oslo	0301	Oslo	P
0216	Oslo	0301	Oslo	P
0217	Oslo	0301	Oslo	P
0218	Oslo	0301	Oslo	P
0230	Oslo	0301	Oslo	P
0240	Oslo	0301	Oslo	P
0244	Oslo	0301	Oslo	P
0247	Oslo	0301	Oslo	P
0250	Oslo	0301	Oslo	G
0251	Oslo	0301	Oslo	G
0252	Oslo	0301	Oslo	G
0253	Oslo	0301	Oslo	G
0254	Oslo	0301	Oslo	G
0255	Oslo	0301	Oslo	G
0256	Oslo	0301	Oslo	G
0257	Oslo	0301	Oslo	G
0258	Oslo	0301	Oslo	G
0259	Oslo	0301	Oslo	G
0260	Oslo	0301	Oslo	G
0262	Oslo	0301	Oslo	G
0263	Oslo	0301	Oslo	G
0264	Oslo	0301	Oslo	G
0265	Oslo	0301	Oslo	G
0266	Oslo	0301	Oslo	G
0267	Oslo	0301	Oslo	G
0268	Oslo	0301	Oslo	G
0270	Oslo	0301	Oslo	G
0271	Oslo	0301	Oslo	G
0272	Oslo	0301	Oslo	G
0273	Oslo	0301	Oslo	G
0274	Oslo	0301	Oslo	G
0275	Oslo	0301	Oslo	G
0276	Oslo	0301	Oslo	G
0277	Oslo	0301	Oslo	G
0278	Oslo	0301	Oslo	G
0279	Oslo	0301	Oslo	G
0280	Oslo	0301	Oslo	G
0281	Oslo	0301	Oslo	G
0282	Oslo	0301	Oslo	G
0283	Oslo	0301	Oslo	G
0284	Oslo	0301	Oslo	G
0286	Oslo	0301	Oslo	G
0287	Oslo	0301	Oslo	G
0301	Oslo	0301	Oslo	P
0302	Oslo	0301	Oslo	P
0303	Oslo	0301	Oslo	P
0304	Oslo	0301	Oslo	P
0305	Oslo	0301	Oslo	P
0306	Oslo	0301	Oslo	P
0307	Oslo	0301	Oslo	P
0308	Oslo	0301	Oslo	P
0309	Oslo	0301	Oslo	P
0311	Oslo	0301	Oslo	P
0313	Oslo	0301	Oslo	P
0314	Oslo	0301	Oslo	P
0315	Oslo	0301	Oslo	P
0316	Oslo	0301	Oslo	P
0317	Oslo	0301	Oslo	P
0318	Oslo	0301	Oslo	P
0319	Oslo	0301	Oslo	P
0323	Oslo	0301	Oslo	P
0330	Oslo	0301	Oslo	P
0340	Oslo	0301	Oslo	B
0349	Oslo	0301	Oslo	B
0350	Oslo	0301	Oslo	G
0351	Oslo	0301	Oslo	G
0352	Oslo	0301	Oslo	G
0353	Oslo	0301	Oslo	G
0354	Oslo	0301	Oslo	G
0355	Oslo	0301	Oslo	G
0356	Oslo	0301	Oslo	G
0357	Oslo	0301	Oslo	G
0358	Oslo	0301	Oslo	G
0359	Oslo	0301	Oslo	G
0360	Oslo	0301	Oslo	G
0361	Oslo	0301	Oslo	G
0362	Oslo	0301	Oslo	G
0363	Oslo	0301	Oslo	G
0364	Oslo	0301	Oslo	G
0365	Oslo	0301	Oslo	G
0366	Oslo	0301	Oslo	G
0367	Oslo	0301	Oslo	G
0368	Oslo	0301	Oslo	G
0369	Oslo	0301	Oslo	G
0370	Oslo	0301	Oslo	G
0371	Oslo	0301	Oslo	G
0372	Oslo	0301	Oslo	G
0373	Oslo	0301	Oslo	G
0374	Oslo	0301	Oslo	G
0375	Oslo	0301	Oslo	G
0376	Oslo	0301	Oslo	G
0377	Oslo	0301	Oslo	G
0378	Oslo	0301	Oslo	G
0379	Oslo	0301	Oslo	G
0380	Oslo	0301	Oslo	G
0381	Oslo	0301	Oslo	G
0382	Oslo	0301	Oslo	G
0383	Oslo	0301	Oslo	G
0401	Oslo	0301	Oslo	P
0402	Oslo	0301	Oslo	P
0403	Oslo	0301	Oslo	P
0404	Oslo	0301	Oslo	P
0405	Oslo	0301	Oslo	P
0406	Oslo	0301	Oslo	P
0409	Oslo	0301	Oslo	P
0410	Oslo	0301	Oslo	P
0411	Oslo	0301	Oslo	P
0412	Oslo	0301	Oslo	P
0413	Oslo	0301	Oslo	P
0415	Oslo	0301	Oslo	P
0421	Oslo	0301	Oslo	P
0422	Oslo	0301	Oslo	P
0423	Oslo	0301	Oslo	P
0424	Oslo	0301	Oslo	P
0440	Oslo	0301	Oslo	P
0441	Oslo	0301	Oslo	P
0442	Oslo	0301	Oslo	P
0445	Oslo	0301	Oslo	G
0450	Oslo	0301	Oslo	G
0451	Oslo	0301	Oslo	G
0452	Oslo	0301	Oslo	G
0454	Oslo	0301	Oslo	G
0455	Oslo	0301	Oslo	G
0456	Oslo	0301	Oslo	G
0457	Oslo	0301	Oslo	G
0458	Oslo	0301	Oslo	G
0459	Oslo	0301	Oslo	G
0460	Oslo	0301	Oslo	G
0461	Oslo	0301	Oslo	G
0462	Oslo	0301	Oslo	G
0463	Oslo	0301	Oslo	G
0464	Oslo	0301	Oslo	G
0465	Oslo	0301	Oslo	G
0467	Oslo	0301	Oslo	G
0468	Oslo	0301	Oslo	G
0469	Oslo	0301	Oslo	G
0470	Oslo	0301	Oslo	G
0472	Oslo	0301	Oslo	G
0473	Oslo	0301	Oslo	G
0474	Oslo	0301	Oslo	G
0475	Oslo	0301	Oslo	G
0476	Oslo	0301	Oslo	G
0477	Oslo	0301	Oslo	G
0478	Oslo	0301	Oslo	G
0479	Oslo	0301	Oslo	G
0480	Oslo	0301	Oslo	G
0481	Oslo	0301	Oslo	G
0482	Oslo	0301	Oslo	G
0483	Oslo	0301	Oslo	G
0484	Oslo	0301	Oslo	G
0485	Oslo	0301	Oslo	G
0486	Oslo	0301	Oslo	G
0487	Oslo	0301	Oslo	G
0488	Oslo	0301	Oslo	G
0489	Oslo	0301	Oslo	G
0490	Oslo	0301	Oslo	G
0491	Oslo	0301	Oslo	G
0492	Oslo	0301	Oslo	G
0493	Oslo	0301	Oslo	G
0494	Oslo	0301	Oslo	G
0495	Oslo	0301	Oslo	G
0496	Oslo	0301	Oslo	G
0501	Oslo	0301	Oslo	P
0502	Oslo	0301	Oslo	P
0503	Oslo	0301	Oslo	P
0504	Oslo	0301	Oslo	P
0505	Oslo	0301	Oslo	P
0506	Oslo	0301	Oslo	P
0507	Oslo	0301	Oslo	P
0508	Oslo	0301	Oslo	P
0509	Oslo	0301	Oslo	P
0510	Oslo	0301	Oslo	P
0511	Oslo	0301	Oslo	P
0512	Oslo	0301	Oslo	P
0513	Oslo	0301	Oslo	P
0515	Oslo	0301	Oslo	P
0516	Oslo	0301	Oslo	P
0517	Oslo	0301	Oslo	P
0518	Oslo	0301	Oslo	P
0520	Oslo	0301	Oslo	P
0540	Oslo	0301	Oslo	P
0550	Oslo	0301	Oslo	G
0551	Oslo	0301	Oslo	G
0552	Oslo	0301	Oslo	G
0553	Oslo	0301	Oslo	G
0554	Oslo	0301	Oslo	G
0555	Oslo	0301	Oslo	G
0556	Oslo	0301	Oslo	G
0557	Oslo	0301	Oslo	G
0558	Oslo	0301	Oslo	G
0559	Oslo	0301	Oslo	G
0560	Oslo	0301	Oslo	G
0561	Oslo	0301	Oslo	G
0562	Oslo	0301	Oslo	G
0563	Oslo	0301	Oslo	G
0564	Oslo	0301	Oslo	G
0565	Oslo	0301	Oslo	G
0566	Oslo	0301	Oslo	G
0567	Oslo	0301	Oslo	G
0568	Oslo	0301	Oslo	G
0569	Oslo	0301	Oslo	G
0570	Oslo	0301	Oslo	G
0571	Oslo	0301	Oslo	G
0572	Oslo	0301	Oslo	G
0573	Oslo	0301	Oslo	G
0574	Oslo	0301	Oslo	G
0575	Oslo	0301	Oslo	G
0576	Oslo	0301	Oslo	G
0577	Oslo	0301	Oslo	G
0578	Oslo	0301	Oslo	G
0579	Oslo	0301	Oslo	G
0580	Oslo	0301	Oslo	G
0581	Oslo	0301	Oslo	G
0582	Oslo	0301	Oslo	G
0583	Oslo	0301	Oslo	G
0584	Oslo	0301	Oslo	G
0585	Oslo	0301	Oslo	G
0586	Oslo	0301	Oslo	G
0587	Oslo	0301	Oslo	G
0588	Oslo	0301	Oslo	G
0589	Oslo	0301	Oslo	G
0590	Oslo	0301	Oslo	G
0591	Oslo	0301	Oslo	G
0592	Oslo	0301	Oslo	G
0593	Oslo	0301	Oslo	G
0594	Oslo	0301	Oslo	G
0595	Oslo	0301	Oslo	G
0596	Oslo	0301	Oslo	G
0597	Oslo	0301	Oslo	G
0598	Oslo	0301	Oslo	G
0601	Oslo	0301	Oslo	P
0602	Oslo	0301	Oslo	P
0603	Oslo	0301	Oslo	P
0604	Oslo	0301	Oslo	P
0605	Oslo	0301	Oslo	P
0606	Oslo	0301	Oslo	P
0607	Oslo	0301	Oslo	P
0608	Oslo	0301	Oslo	P
0609	Oslo	0301	Oslo	P
0611	Oslo	0301	Oslo	P
0612	Oslo	0301	Oslo	P
0613	Oslo	0301	Oslo	P
0614	Oslo	0301	Oslo	P
0615	Oslo	0301	Oslo	P
0616	Oslo	0301	Oslo	P
0617	Oslo	0301	Oslo	P
0618	Oslo	0301	Oslo	P
0619	Oslo	0301	Oslo	P
0620	Oslo	0301	Oslo	P
0621	Oslo	0301	Oslo	P
0622	Oslo	0301	Oslo	P
0623	Oslo	0301	Oslo	P
0624	Oslo	0301	Oslo	P
0626	Oslo	0301	Oslo	P
0650	Oslo	0301	Oslo	G
0651	Oslo	0301	Oslo	G
0652	Oslo	0301	Oslo	G
0653	Oslo	0301	Oslo	G
0654	Oslo	0301	Oslo	G
0655	Oslo	0301	Oslo	G
0656	Oslo	0301	Oslo	G
0657	Oslo	0301	Oslo	G
0658	Oslo	0301	Oslo	G
0659	Oslo	0301	Oslo	G
0660	Oslo	0301	Oslo	G
0661	Oslo	0301	Oslo	G
0662	Oslo	0301	Oslo	G
0663	Oslo	0301	Oslo	G
0664	Oslo	0301	Oslo	G
0665	Oslo	0301	Oslo	G
0666	Oslo	0301	Oslo	G
0667	Oslo	0301	Oslo	G
0668	Oslo	0301	Oslo	G
0669	Oslo	0301	Oslo	G
0670	Oslo	0301	Oslo	G
0671	Oslo	0301	Oslo	G
0672	Oslo	0301	Oslo	G
0673	Oslo	0301	Oslo	G
0674	Oslo	0301	Oslo	G
0675	Oslo	0301	Oslo	G
0676	Oslo	0301	Oslo	G
0677	Oslo	0301	Oslo	G
0678	Oslo	0301	Oslo	G
0679	Oslo	0301	Oslo	G
0680	Oslo	0301	Oslo	G
0681	Oslo	0301	Oslo	G
0682	Oslo	0301	Oslo	G
0683	Oslo	0301	Oslo	G
0684	Oslo	0301	Oslo	G
0685	Oslo	0301	Oslo	G
0686	Oslo	0301	Oslo	G
0687	Oslo	0301	Oslo	G
0688	Oslo	0301	Oslo	G
0689	Oslo	0301	Oslo	G
0690	Oslo	0301	Oslo	G
0691	Oslo	0301	Oslo	G
0692	Oslo	0301	Oslo	G
0693	Oslo	0301	Oslo	G
0694	Oslo	0301	Oslo	G
0701	Oslo	0301	Oslo	P
0702	Oslo	0301	Oslo	P
0705	Oslo	0301	Oslo	P
0710	Oslo	0301	Oslo	P
0712	Oslo	0301	Oslo	P
0750	Oslo	0301	Oslo	G
0751	Oslo	0301	Oslo	G
0752	Oslo	0301	Oslo	G
0753	Oslo	0301	Oslo	G
0754	Oslo	0301	Oslo	G
0755	Oslo	0301	Oslo	G
0756	Oslo	0301	Oslo	G
0757	Oslo	0301	Oslo	G
0758	Oslo	0301	Oslo	G
0760	Oslo	0301	Oslo	G
0763	Oslo	0301	Oslo	G
0764	Oslo	0301	Oslo	G
0765	Oslo	0301	Oslo	G
0766	Oslo	0301	Oslo	G
0767	Oslo	0301	Oslo	G
0768	Oslo	0301	Oslo	G
0770	Oslo	0301	Oslo	G
0771	Oslo	0301	Oslo	G
0772	Oslo	0301	Oslo	G
0773	Oslo	0301	Oslo	G
0774	Oslo	0301	Oslo	G
0775	Oslo	0301	Oslo	G
0776	Oslo	0301	Oslo	G
0777	Oslo	0301	Oslo	G
0778	Oslo	0301	Oslo	G
0779	Oslo	0301	Oslo	G
0781	Oslo	0301	Oslo	G
0782	Oslo	0301	Oslo	G
0783	Oslo	0301	Oslo	G
0784	Oslo	0301	Oslo	G
0785	Oslo	0301	Oslo	G
0786	Oslo	0301	Oslo	G
0787	Oslo	0301	Oslo	G
0788	Oslo	0301	Oslo	G
0789	Oslo	0301	Oslo	G
0790	Oslo	0301	Oslo	G
0791	Oslo	0301	Oslo	G
0801	Oslo	0301	Oslo	P
0805	Oslo	0301	Oslo	P
0806	Oslo	0301	Oslo	P
0807	Oslo	0301	Oslo	P
0840	Oslo	0301	Oslo	P
0850	Oslo	0301	Oslo	G
0851	Oslo	0301	Oslo	G
0852	Oslo	0301	Oslo	G
0853	Oslo	0301	Oslo	G
0854	Oslo	0301	Oslo	G
0855	Oslo	0301	Oslo	G
0856	Oslo	0301	Oslo	G
0857	Oslo	0301	Oslo	G
0858	Oslo	0301	Oslo	G
0860	Oslo	0301	Oslo	G
0861	Oslo	0301	Oslo	G
0862	Oslo	0301	Oslo	G
0863	Oslo	0301	Oslo	G
0864	Oslo	0301	Oslo	G
0870	Oslo	0301	Oslo	G
0871	Oslo	0301	Oslo	G
0872	Oslo	0301	Oslo	G
0873	Oslo	0301	Oslo	G
0874	Oslo	0301	Oslo	G
0875	Oslo	0301	Oslo	G
0876	Oslo	0301	Oslo	G
0877	Oslo	0301	Oslo	G
0880	Oslo	0301	Oslo	G
0881	Oslo	0301	Oslo	G
0882	Oslo	0301	Oslo	G
0883	Oslo	0301	Oslo	G
0884	Oslo	0301	Oslo	G
0890	Oslo	0301	Oslo	G
0891	Oslo	0301	Oslo	G
0901	Oslo	0301	Oslo	P
0902	Oslo	0301	Oslo	P
0903	Oslo	0301	Oslo	P
0904	Oslo	0301	Oslo	P
0905	Oslo	0301	Oslo	P
0907	Oslo	0301	Oslo	P
0908	Oslo	0301	Oslo	P
0913	Oslo	0301	Oslo	P
0914	Oslo	0301	Oslo	P
0915	Oslo	0301	Oslo	P
0950	Oslo	0301	Oslo	G
0951	Oslo	0301	Oslo	G
0952	Oslo	0301	Oslo	G
0953	Oslo	0301	Oslo	G
0954	Oslo	0301	Oslo	G
0955	Oslo	0301	Oslo	G
0956	Oslo	0301	Oslo	G
0957	Oslo	0301	Oslo	G
0958	Oslo	0301	Oslo	G
0959	Oslo	0301	Oslo	G
0960	Oslo	0301	Oslo	G
0962	Oslo	0301	Oslo	G
0963	Oslo	0301	Oslo	G
0964	Oslo	0301	Oslo	G
0968	Oslo	0301	Oslo	G
0969	Oslo	0301	Oslo	G
0970	Oslo	0301	Oslo	G
0971	Oslo	0301	Oslo	G
0972	Oslo	0301	Oslo	G
0973	Oslo	0301	Oslo	G
0975	Oslo	0301	Oslo	G
0976	Oslo	0301	Oslo	G
0977	Oslo	0301	Oslo	G
0978	Oslo	0301	Oslo	G
0979	Oslo	0301	Oslo	G
0980	Oslo	0301	Oslo	G
0981	Oslo	0301	Oslo	G
0982	Oslo	0301	Oslo	G
0983	Oslo	0301	Oslo	G
0984	Oslo	0301	Oslo	G
0985	Oslo	0301	Oslo	G
0986	Oslo	0301	Oslo	G
0987	Oslo	0301	Oslo	G
0988	Oslo	0301	Oslo	G
1001	Oslo	0301	Oslo	P
1003	Oslo	0301	Oslo	P
1005	Oslo	0301	Oslo	P
1006	Oslo	0301	Oslo	P
1007	Oslo	0301	Oslo	P
1008	Oslo	0301	Oslo	P
1009	Oslo	0301	Oslo	P
1011	Oslo	0301	Oslo	P
1051	Oslo	0301	Oslo	G
1052	Oslo	0301	Oslo	G
1053	Oslo	0301	Oslo	G
1054	Oslo	0301	Oslo	G
1055	Oslo	0301	Oslo	G
1056	Oslo	0301	Oslo	G
1061	Oslo	0301	Oslo	G
1062	Oslo	0301	Oslo	G
1063	Oslo	0301	Oslo	G
1064	Oslo	0301	Oslo	G
1065	Oslo	0301	Oslo	G
1067	Oslo	0301	Oslo	G
1068	Oslo	0301	Oslo	G
1069	Oslo	0301	Oslo	G
1071	Oslo	0301	Oslo	G
1081	Oslo	0301	Oslo	G
1083	Oslo	0301	Oslo	G
1084	Oslo	0301	Oslo	G
1086	Oslo	0301	Oslo	G
1087	Oslo	0301	Oslo	G
1088	Oslo	0301	Oslo	G
1089	Oslo	0301	Oslo	G
1101	Oslo	0301	Oslo	P
1102	Oslo	0301	Oslo	P
1108	Oslo	0301	Oslo	P
1109	Oslo	0301	Oslo	P
1112	Oslo	0301	Oslo	P
1150	Oslo	0301	Oslo	G
1151	Oslo	0301	Oslo	G
1152	Oslo	0301	Oslo	G
1153	Oslo	0301	Oslo	G
1154	Oslo	0301	Oslo	G
1155	Oslo	0301	Oslo	G
1156	Oslo	0301	Oslo	G
1157	Oslo	0301	Oslo	G
1158	Oslo	0301	Oslo	G
1160	Oslo	0301	Oslo	G
1161	Oslo	0301	Oslo	G
1162	Oslo	0301	Oslo	G
1163	Oslo	0301	Oslo	G
1164	Oslo	0301	Oslo	G
1165	Oslo	0301	Oslo	G
1166	Oslo	0301	Oslo	G
1167	Oslo	0301	Oslo	G
1168	Oslo	0301	Oslo	G
1169	Oslo	0301	Oslo	G
1170	Oslo	0301	Oslo	G
1172	Oslo	0301	Oslo	G
1176	Oslo	0301	Oslo	G
1177	Oslo	0301	Oslo	G
1178	Oslo	0301	Oslo	G
1179	Oslo	0301	Oslo	G
1181	Oslo	0301	Oslo	G
1182	Oslo	0301	Oslo	G
1184	Oslo	0301	Oslo	G
1185	Oslo	0301	Oslo	G
1187	Oslo	0301	Oslo	G
1188	Oslo	0301	Oslo	G
1189	Oslo	0301	Oslo	G
1201	Oslo	0301	Oslo	P
1203	Oslo	0301	Oslo	P
1204	Oslo	0301	Oslo	P
1205	Oslo	0301	Oslo	P
1207	Oslo	0301	Oslo	P
1214	Oslo	0301	Oslo	P
1215	Oslo	0301	Oslo	P
1250	Oslo	0301	Oslo	G
1251	Oslo	0301	Oslo	G
1252	Oslo	0301	Oslo	G
1253	Oslo	0301	Oslo	G
1254	Oslo	0301	Oslo	G
1255	Oslo	0301	Oslo	G
1256	Oslo	0301	Oslo	G
1257	Oslo	0301	Oslo	G
1258	Oslo	0301	Oslo	G
1259	Oslo	0301	Oslo	G
1262	Oslo	0301	Oslo	G
1263	Oslo	0301	Oslo	G
1266	Oslo	0301	Oslo	G
1270	Oslo	0301	Oslo	G
1271	Oslo	0301	Oslo	G
1272	Oslo	0301	Oslo	G
1273	Oslo	0301	Oslo	G
1274	Oslo	0301	Oslo	G
1275	Oslo	0301	Oslo	G
1278	Oslo	0301	Oslo	G
1279	Oslo	0301	Oslo	G
1281	Oslo	0301	Oslo	G
1283	Oslo	0301	Oslo	G
1284	Oslo	0301	Oslo	G
1285	Oslo	0301	Oslo	G
1286	Oslo	0301	Oslo	G
1290	Oslo	0301	Oslo	G
1291	Oslo	0301	Oslo	G
1294	Oslo	0301	Oslo	G
1295	Oslo	0301	Oslo	G
1300	Sandvika	3201	Bærum	P
1301	Sandvika	3201	Bærum	P
1302	Sandvika	3201	Bærum	P
1303	Sandvika	3201	Bærum	P
1304	Sandvika	3201	Bærum	P
1305	Haslum	3201	Bærum	P
1306	Sandvika	3201	Bærum	P
1307	Fornebu	3201	Bærum	P
1308	Jar	3201	Bærum	P
1309	Rud	3201	Bærum	P
1311	Høvikodden	3201	Bærum	G
1312	Slependen	3201	Bærum	P
1313	Vøyenenga	3201	Bærum	P
1314	Vøyenenga	3201	Bærum	P
1316	Eiksmarka	3201	Bærum	P
1317	Bærums Verk	3201	Bærum	P
1318	Bekkestua	3201	Bærum	P
1319	Bekkestua	3201	Bærum	P
1321	Stabekk	3201	Bærum	P
1322	Høvik	3201	Bærum	P
1323	Høvik	3201	Bærum	P
1324	Lysaker	3201	Bærum	P
1325	Lysaker	3201	Bærum	P
1326	Lysaker	3201	Bærum	P
1327	Lysaker	3201	Bærum	P
1328	Høvik	3201	Bærum	P
1329	Lommedalen	3201	Bærum	P
1330	Fornebu	3201	Bærum	P
1331	Fornebu	3201	Bærum	P
1332	Østerås	3201	Bærum	P
1333	Kolsås	3201	Bærum	P
1334	Rykkinn	3201	Bærum	P
1335	Snarøya	3201	Bærum	P
1336	Sandvika	3201	Bærum	G
1337	Sandvika	3201	Bærum	G
1338	Sandvika	3201	Bærum	G
1339	Vøyenenga	3201	Bærum	G
1340	Skui	3201	Bærum	G
1341	Slependen	3201	Bærum	G
1342	Gjettum	3201	Bærum	P
1344	Haslum	3201	Bærum	G
1346	Gjettum	3201	Bærum	G
1348	Rykkinn	3201	Bærum	G
1349	Rykkinn	3201	Bærum	G
1350	Lommedalen	3201	Bærum	G
1351	Rud	3201	Bærum	G
1352	Kolsås	3201	Bærum	G
1353	Bærums Verk	3201	Bærum	G
1354	Bærums Verk	3201	Bærum	G
1356	Bekkestua	3201	Bærum	G
1357	Bekkestua	3201	Bærum	G
1358	Jar	3201	Bærum	G
1359	Eiksmarka	3201	Bærum	G
1360	Fornebu	3201	Bærum	G
1361	Østerås	3201	Bærum	G
1362	Hosle	3201	Bærum	G
1363	Høvik	3201	Bærum	G
1364	Fornebu	3201	Bærum	G
1365	Blommenholm	3201	Bærum	G
1366	Lysaker	3201	Bærum	G
1367	Snarøya	3201	Bærum	G
1368	Stabekk	3201	Bærum	G
1369	Stabekk	3201	Bærum	G
1371	Asker	3203	Asker	P
1372	Asker	3203	Asker	P
1373	Asker	3203	Asker	P
1375	Billingstad	3203	Asker	P
1376	Billingstad	3203	Asker	P
1377	Billingstad	3203	Asker	P
1378	Nesbru	3203	Asker	P
1379	Nesbru	3203	Asker	P
1380	Heggedal	3203	Asker	P
1381	Vettre	3203	Asker	P
1383	Asker	3203	Asker	G
1384	Asker	3203	Asker	G
1385	Asker	3203	Asker	G
1386	Asker	3203	Asker	G
1387	Asker	3203	Asker	G
1388	Borgen	3203	Asker	G
1389	Heggedal	3203	Asker	G
1390	Vollen	3203	Asker	G
1391	Vollen	3203	Asker	G
1392	Vettre	3203	Asker	G
1393	Vollen	3203	Asker	P
1394	Nesbru	3203	Asker	G
1395	Hvalstad	3203	Asker	G
1396	Billingstad	3203	Asker	G
1397	Nesøya	3203	Asker	G
1399	Asker	3203	Asker	P
1400	Ski	3207	Nordre Follo	G
1401	Ski	3207	Nordre Follo	P
1402	Ski	3207	Nordre Follo	P
1403	Langhus	3207	Nordre Follo	P
1404	Siggerud	3207	Nordre Follo	G
1405	Langhus	3207	Nordre Follo	G
1406	Ski	3207	Nordre Follo	G
1407	Vinterbro	3218	Ås	G
1408	Kråkstad	3207	Nordre Follo	G
1409	Skotbu	3207	Nordre Follo	G
1410	Kolbotn	3207	Nordre Follo	G
1411	Kolbotn	3207	Nordre Follo	P
1412	Sofiemyr	3207	Nordre Follo	G
1413	Tårnåsen	3207	Nordre Follo	G
1414	Trollåsen	3207	Nordre Follo	G
1415	Oppegård	3207	Nordre Follo	G
1416	Oppegård	3207	Nordre Follo	P
1417	Sofiemyr	3207	Nordre Follo	P
1418	Kolbotn	3207	Nordre Follo	P
1419	Oppegård	3207	Nordre Follo	P
1420	Svartskog	3207	Nordre Follo	G
1421	Trollåsen	3207	Nordre Follo	P
1422	Siggerud	3207	Nordre Follo	P
1423	Ski	3207	Nordre Follo	G
1424	Ski	3207	Nordre Follo	G
1425	Ski	3207	Nordre Follo	G
1426	Solberg	3218	Ås	G
1429	Vinterbro	3218	Ås	P
1430	Ås	3218	Ås	G
1431	Ås	3218	Ås	P
1432	Ås	3218	Ås	P
1433	Ås	3218	Ås	G
1434	Ås	3218	Ås	G
1435	Ås	3218	Ås	G
1440	Drøbak	3214	Frogn	G
1441	Drøbak	3214	Frogn	P
1442	Drøbak	3214	Frogn	P
1443	Drøbak	3214	Frogn	G
1444	Drøbak	3214	Frogn	G
1445	Drøbak	3214	Frogn	G
1446	Drøbak	3214	Frogn	G
1447	Drøbak	3214	Frogn	G
1448	Drøbak	3214	Frogn	G
1449	Drøbak	3214	Frogn	G
1450	Nesoddtangen	3212	Nesodden	G
1451	Nesoddtangen	3212	Nesodden	P
1452	Nesoddtangen	3212	Nesodden	G
1453	Bjørnemyr	3212	Nesodden	G
1454	Fagerstrand	3212	Nesodden	G
1455	Nordre Frogn	3214	Frogn	G
1456	Nesoddtangen	3212	Nesodden	G
1457	Fagerstrand	3212	Nesodden	P
1458	Fjellstrand	3212	Nesodden	G
1459	Nesodden	3212	Nesodden	G
1461	Lørenskog	3222	Lørenskog	G
1462	Fjellhamar	3222	Lørenskog	G
1463	Fjellhamar	3222	Lørenskog	G
1464	Fjellhamar	3222	Lørenskog	G
1465	Strømmen	3205	Lillestrøm	G
1466	Strømmen	3205	Lillestrøm	G
1467	Strømmen	3205	Lillestrøm	G
1468	Finstadjordet	3222	Lørenskog	P
1469	Rasta	3222	Lørenskog	P
1470	Lørenskog	3222	Lørenskog	G
1471	Lørenskog	3222	Lørenskog	P
1472	Fjellhamar	3222	Lørenskog	G
1473	Lørenskog	3222	Lørenskog	G
1474	Lørenskog	3222	Lørenskog	G
1475	Finstadjordet	3222	Lørenskog	G
1476	Rasta	3222	Lørenskog	G
1477	Fjellhamar	3222	Lørenskog	P
1478	Lørenskog	3222	Lørenskog	P
1479	Kurland	3222	Lørenskog	G
1480	Slattum	3232	Nittedal	G
1481	Hagan	3232	Nittedal	G
1482	Nittedal	3232	Nittedal	G
1483	Hagan	3232	Nittedal	P
1484	Hakadal	3232	Nittedal	G
1485	Hakadal	3232	Nittedal	P
1486	Nittedal	3232	Nittedal	P
1487	Hakadal	3232	Nittedal	G
1488	Hakadal	3232	Nittedal	G
1501	Moss	3103	Moss	P
1502	Moss	3103	Moss	P
1503	Moss	3103	Moss	P
1504	Moss	3103	Moss	P
1506	Moss	3103	Moss	P
1508	Moss	3103	Moss	P
1509	Moss	3103	Moss	P
1510	Moss	3103	Moss	P
1511	Moss	3103	Moss	G
1512	Moss	3103	Moss	G
1513	Moss	3103	Moss	G
1514	Moss	3103	Moss	G
1515	Moss	3103	Moss	G
1516	Moss	3103	Moss	G
1517	Moss	3103	Moss	G
1518	Moss	3103	Moss	G
1519	Moss	3103	Moss	G
1520	Moss	3103	Moss	P
1521	Moss	3103	Moss	P
1522	Moss	3103	Moss	P
1523	Moss	3103	Moss	G
1524	Moss	3103	Moss	G
1525	Moss	3103	Moss	G
1526	Moss	3103	Moss	G
1528	Moss	3103	Moss	G
1529	Moss	3103	Moss	G
1530	Moss	3103	Moss	G
1531	Moss	3103	Moss	G
1532	Moss	3103	Moss	G
1533	Moss	3103	Moss	G
1534	Moss	3103	Moss	G
1535	Moss	3103	Moss	G
1536	Moss	3103	Moss	G
1537	Moss	3103	Moss	G
1538	Moss	3103	Moss	G
1539	Moss	3103	Moss	G
1540	Vestby	3216	Vestby	G
1541	Vestby	3216	Vestby	P
1542	Vestby	3216	Vestby	G
1543	Vestby	3216	Vestby	G
1544	Vestby	3216	Vestby	G
1545	Hvitsten	3216	Vestby	G
1550	Hølen	3216	Vestby	G
1553	Son	3216	Vestby	G
1554	Son	3216	Vestby	G
1555	Son	3216	Vestby	G
1556	Son	3216	Vestby	P
1560	Larkollen	3103	Moss	G
1561	Larkollen	3103	Moss	P
1570	Dilling	3103	Moss	G
1580	Rygge	3103	Moss	G
1581	Rygge	3103	Moss	P
1590	Rygge	3103	Moss	P
1591	Sperrebotn	3114	Våler (østfold)	G
1592	Våler i Østfold	3114	Våler (østfold)	G
1593	Svinndal	3114	Våler (østfold)	G
1594	Våler i Østfold	3114	Våler (østfold)	P
1596	Moss	3103	Moss	G
1597	Moss	3103	Moss	G
1598	Moss	3103	Moss	G
1599	Moss	3103	Moss	G
1601	Fredrikstad	3107	Fredrikstad	P
1602	Fredrikstad	3107	Fredrikstad	P
1604	Fredrikstad	3107	Fredrikstad	G
1605	Fredrikstad	3107	Fredrikstad	G
1606	Fredrikstad	3107	Fredrikstad	G
1607	Fredrikstad	3107	Fredrikstad	G
1608	Fredrikstad	3107	Fredrikstad	G
1609	Fredrikstad	3107	Fredrikstad	P
1610	Fredrikstad	3107	Fredrikstad	G
1612	Fredrikstad	3107	Fredrikstad	P
1613	Fredrikstad	3107	Fredrikstad	G
1614	Fredrikstad	3107	Fredrikstad	G
1615	Fredrikstad	3107	Fredrikstad	G
1616	Fredrikstad	3107	Fredrikstad	P
1617	Fredrikstad	3107	Fredrikstad	G
1618	Fredrikstad	3107	Fredrikstad	G
1619	Fredrikstad	3107	Fredrikstad	G
1620	Gressvik	3107	Fredrikstad	P
1621	Gressvik	3107	Fredrikstad	G
1622	Gressvik	3107	Fredrikstad	G
1623	Gressvik	3107	Fredrikstad	G
1624	Gressvik	3107	Fredrikstad	G
1625	Manstad	3107	Fredrikstad	P
1626	Manstad	3107	Fredrikstad	G
1628	Engelsviken	3107	Fredrikstad	G
1629	Gamle Fredrikstad	3107	Fredrikstad	P
1630	Gamle Fredrikstad	3107	Fredrikstad	G
1632	Gamle Fredrikstad	3107	Fredrikstad	G
1633	Gamle Fredrikstad	3107	Fredrikstad	G
1634	Gamle Fredrikstad	3107	Fredrikstad	G
1636	Gamle Fredrikstad	3107	Fredrikstad	G
1637	Gamle Fredrikstad	3107	Fredrikstad	G
1638	Gamle Fredrikstad	3107	Fredrikstad	P
1639	Gamle Fredrikstad	3107	Fredrikstad	G
1640	Råde	3112	Råde	G
1641	Råde	3112	Råde	P
1642	Saltnes	3112	Råde	G
1643	Råde	3112	Råde	G
1650	Sellebakk	3107	Fredrikstad	P
1651	Sellebakk	3107	Fredrikstad	G
1653	Sellebakk	3107	Fredrikstad	G
1654	Sellebakk	3107	Fredrikstad	G
1655	Sellebakk	3107	Fredrikstad	G
1657	Torp	3107	Fredrikstad	G
1658	Torp	3107	Fredrikstad	G
1659	Torp	3107	Fredrikstad	G
1661	Rolvsøy	3107	Fredrikstad	G
1662	Rolvsøy	3107	Fredrikstad	P
1663	Rolvsøy	3107	Fredrikstad	G
1664	Rolvsøy	3107	Fredrikstad	G
1665	Rolvsøy	3107	Fredrikstad	G
1666	Rolvsøy	3107	Fredrikstad	G
1667	Rolvsøy	3107	Fredrikstad	G
1670	Kråkerøy	3107	Fredrikstad	P
1671	Kråkerøy	3107	Fredrikstad	G
1672	Kråkerøy	3107	Fredrikstad	G
1673	Kråkerøy	3107	Fredrikstad	G
1675	Kråkerøy	3107	Fredrikstad	G
1676	Kråkerøy	3107	Fredrikstad	G
1678	Kråkerøy	3107	Fredrikstad	G
1679	Kråkerøy	3107	Fredrikstad	G
1680	Skjærhalden	3110	Hvaler	G
1682	Skjærhalden	3110	Hvaler	P
1683	Vesterøy	3110	Hvaler	P
1684	Vesterøy	3110	Hvaler	G
1690	Herføl	3110	Hvaler	G
1692	Nedgården	3110	Hvaler	G
1701	Sarpsborg	3105	Sarpsborg	P
1702	Sarpsborg	3105	Sarpsborg	P
1703	Sarpsborg	3105	Sarpsborg	P
1704	Sarpsborg	3105	Sarpsborg	P
1705	Sarpsborg	3105	Sarpsborg	P
1706	Sarpsborg	3105	Sarpsborg	G
1707	Sarpsborg	3105	Sarpsborg	G
1708	Sarpsborg	3105	Sarpsborg	G
1709	Sarpsborg	3105	Sarpsborg	G
1710	Sarpsborg	3105	Sarpsborg	G
1711	Sarpsborg	3105	Sarpsborg	G
1712	Grålum	3105	Sarpsborg	G
1713	Grålum	3105	Sarpsborg	P
1714	Grålum	3105	Sarpsborg	B
1715	Yven	3105	Sarpsborg	G
1718	Greåker	3105	Sarpsborg	G
1719	Greåker	3105	Sarpsborg	G
1720	Greåker	3105	Sarpsborg	P
1721	Sarpsborg	3105	Sarpsborg	G
1722	Sarpsborg	3105	Sarpsborg	G
1723	Sarpsborg	3105	Sarpsborg	G
1724	Sarpsborg	3105	Sarpsborg	G
1725	Sarpsborg	3105	Sarpsborg	G
1726	Sarpsborg	3105	Sarpsborg	G
1727	Sarpsborg	3105	Sarpsborg	G
1730	Ise	3105	Sarpsborg	G
1733	Hafslundsøy	3105	Sarpsborg	P
1734	Hafslundsøy	3105	Sarpsborg	G
1735	Varteig	3105	Sarpsborg	G
1738	Borgenhaugen	3105	Sarpsborg	G
1739	Borgenhaugen	3105	Sarpsborg	G
1740	Borgenhaugen	3105	Sarpsborg	P
1742	Klavestadhaugen	3105	Sarpsborg	P
1743	Klavestadhaugen	3105	Sarpsborg	G
1745	Skjeberg	3105	Sarpsborg	P
1746	Skjeberg	3105	Sarpsborg	G
1747	Skjeberg	3105	Sarpsborg	G
1751	Halden	3101	Halden	P
1752	Halden	3101	Halden	P
1753	Halden	3101	Halden	P
1754	Halden	3101	Halden	P
1757	Halden	3101	Halden	P
1759	Halden	3101	Halden	P
1760	Halden	3101	Halden	P
1761	Halden	3101	Halden	P
1762	Halden	3101	Halden	P
1763	Halden	3101	Halden	G
1764	Halden	3101	Halden	G
1765	Halden	3101	Halden	G
1766	Halden	3101	Halden	G
1767	Halden	3101	Halden	G
1768	Halden	3101	Halden	G
1769	Halden	3101	Halden	G
1771	Halden	3101	Halden	G
1772	Halden	3101	Halden	G
1776	Halden	3101	Halden	G
1777	Halden	3101	Halden	G
1778	Halden	3101	Halden	G
1779	Halden	3101	Halden	G
1781	Halden	3101	Halden	G
1782	Halden	3101	Halden	G
1783	Halden	3101	Halden	G
1784	Halden	3101	Halden	G
1785	Halden	3101	Halden	G
1786	Halden	3101	Halden	G
1787	Halden	3101	Halden	P
1788	Halden	3101	Halden	G
1789	Berg i Østfold	3101	Halden	G
1790	Tistedal	3101	Halden	P
1791	Tistedal	3101	Halden	G
1792	Tistedal	3101	Halden	G
1793	Tistedal	3101	Halden	G
1794	Sponvika	3101	Halden	G
1796	Kornsjø	3101	Halden	G
1798	Aremark	3124	Aremark	G
1799	Aremark	3124	Aremark	P
1801	Askim	3118	Indre Østfold	P
1802	Askim	3118	Indre Østfold	P
1803	Askim	3118	Indre Østfold	P
1804	Spydeberg	3118	Indre Østfold	P
1805	Tomter	3118	Indre Østfold	P
1806	Skiptvet	3116	Skiptvet	P
1807	Askim	3118	Indre Østfold	G
1808	Askim	3118	Indre Østfold	G
1809	Askim	3118	Indre Østfold	G
1811	Askim	3118	Indre Østfold	G
1812	Askim	3118	Indre Østfold	G
1813	Askim	3118	Indre Østfold	G
1814	Askim	3118	Indre Østfold	G
1815	Askim	3118	Indre Østfold	G
1816	Skiptvet	3116	Skiptvet	G
1820	Spydeberg	3118	Indre Østfold	G
1821	Spydeberg	3118	Indre Østfold	G
1823	Knapstad	3118	Indre Østfold	G
1825	Tomter	3118	Indre Østfold	G
1827	Hobøl	3118	Indre Østfold	G
1828	Hobøl	3118	Indre Østfold	P
1830	Askim	3118	Indre Østfold	G
1831	Askim	3118	Indre Østfold	G
1832	Askim	3118	Indre Østfold	G
1833	Askim	3118	Indre Østfold	P
1850	Mysen	3118	Indre Østfold	G
1851	Mysen	3118	Indre Østfold	P
1852	Mysen	3118	Indre Østfold	G
1859	Slitu	3118	Indre Østfold	G
1860	Trøgstad	3118	Indre Østfold	G
1861	Trøgstad	3118	Indre Østfold	P
1866	Båstad	3118	Indre Østfold	G
1867	Båstad	3118	Indre Østfold	P
1870	Ørje	3122	Marker	G
1871	Ørje	3122	Marker	P
1875	Otteid	3122	Marker	G
1878	Hærland	3118	Indre Østfold	G
1880	Eidsberg	3118	Indre Østfold	G
1890	Rakkestad	3120	Rakkestad	G
1891	Rakkestad	3120	Rakkestad	P
1892	Degernes	3120	Rakkestad	G
1893	Degernes	3120	Rakkestad	P
1894	Rakkestad	3120	Rakkestad	G
1900	Fetsund	3205	Lillestrøm	G
1901	Fetsund	3205	Lillestrøm	P
1903	Gan	3205	Lillestrøm	G
1910	Enebakkneset	3205	Lillestrøm	G
1911	Flateby	3220	Enebakk	G
1912	Enebakk	3220	Enebakk	G
1914	Ytre Enebakk	3220	Enebakk	G
1916	Flateby	3220	Enebakk	P
1917	Ytre Enebakk	3220	Enebakk	P
1920	Sørumsand	3205	Lillestrøm	G
1921	Sørumsand	3205	Lillestrøm	P
1923	Sørum	3205	Lillestrøm	G
1924	Sørum	3205	Lillestrøm	P
1925	Blaker	3205	Lillestrøm	G
1926	Blaker	3205	Lillestrøm	P
1927	Rånåsfoss	3228	Nes	G
1928	Auli	3228	Nes	P
1929	Auli	3228	Nes	G
1930	Aurskog	3226	Aurskog-Høland	G
1931	Aurskog	3226	Aurskog-Høland	P
1940	Bjørkelangen	3226	Aurskog-Høland	G
1941	Bjørkelangen	3226	Aurskog-Høland	P
1950	Rømskog	3226	Aurskog-Høland	G
1951	Rømskog	3226	Aurskog-Høland	P
1954	Setskog	3226	Aurskog-Høland	G
1960	Løken	3226	Aurskog-Høland	G
1961	Løken	3226	Aurskog-Høland	P
1963	Fosser	3226	Aurskog-Høland	G
1970	Hemnes	3226	Aurskog-Høland	G
1971	Hemnes	3226	Aurskog-Høland	P
2000	Lillestrøm	3205	Lillestrøm	G
2001	Lillestrøm	3205	Lillestrøm	P
2003	Lillestrøm	3205	Lillestrøm	G
2004	Lillestrøm	3205	Lillestrøm	G
2005	Rælingen	3224	Rælingen	G
2006	Løvenstad	3224	Rælingen	G
2007	Kjeller	3205	Lillestrøm	G
2008	Fjerdingby	3224	Rælingen	G
2009	Nordby	3224	Rælingen	G
2010	Strømmen	3205	Lillestrøm	G
2011	Strømmen	3205	Lillestrøm	P
2012	Lillestrøm	3205	Lillestrøm	P
2013	Skjetten	3205	Lillestrøm	G
2014	Blystadlia	3224	Rælingen	G
2015	Leirsund	3205	Lillestrøm	G
2016	Frogner	3205	Lillestrøm	G
2017	Frogner	3205	Lillestrøm	P
2018	Løvenstad	3224	Rælingen	P
2019	Skedsmokorset	3205	Lillestrøm	G
2020	Skedsmokorset	3205	Lillestrøm	G
2021	Skedsmokorset	3205	Lillestrøm	P
2022	Gjerdrum	3230	Gjerdrum	G
2023	Skedsmokorset	3205	Lillestrøm	P
2024	Gjerdrum	3230	Gjerdrum	P
2025	Fjerdingby	3224	Rælingen	P
2026	Skjetten	3205	Lillestrøm	P
2027	Kjeller	3205	Lillestrøm	P
2028	Lillestrøm	3205	Lillestrøm	P
2029	Rælingen	3224	Rælingen	P
2030	Nannestad	3238	Nannestad	G
2031	Nannestad	3238	Nannestad	P
2032	Maura	3238	Nannestad	G
2033	Åsgreina	3238	Nannestad	G
2034	Holter	3238	Nannestad	G
2035	Holter	3238	Nannestad	P
2036	Maura	3238	Nannestad	P
2040	Kløfta	3209	Ullensaker	G
2041	Kløfta	3209	Ullensaker	P
2050	Jessheim	3209	Ullensaker	G
2051	Jessheim	3209	Ullensaker	P
2052	Jessheim	3209	Ullensaker	G
2053	Jessheim	3209	Ullensaker	G
2054	Mogreina	3209	Ullensaker	G
2055	Nordkisa	3209	Ullensaker	G
2056	Algarheim	3209	Ullensaker	G
2057	Jessheim	3209	Ullensaker	P
2058	Sessvollmoen	3209	Ullensaker	G
2060	Gardermoen	3209	Ullensaker	G
2061	Gardermoen	3209	Ullensaker	P
2062	Jessheim	3209	Ullensaker	P
2063	Jessheim	3209	Ullensaker	G
2066	Jessheim	3209	Ullensaker	G
2067	Jessheim	3209	Ullensaker	G
2068	Jessheim	3209	Ullensaker	G
2069	Jessheim	3209	Ullensaker	G
2070	Råholt	3240	Eidsvoll	G
2071	Råholt	3240	Eidsvoll	P
2072	Dal	3240	Eidsvoll	G
2073	Bøn	3240	Eidsvoll	G
2074	Eidsvoll Verk	3240	Eidsvoll	G
2076	Dal	3240	Eidsvoll	P
2080	Eidsvoll	3240	Eidsvoll	G
2081	Eidsvoll	3240	Eidsvoll	P
2090	Hurdal	3242	Hurdal	G
2091	Hurdal	3242	Hurdal	P
2092	Minnesund	3240	Eidsvoll	G
2093	Feiring	3240	Eidsvoll	G
2094	Minnesund	3240	Eidsvoll	P
2100	Skarnes	3415	Sør-Odal	G
2101	Skarnes	3415	Sør-Odal	P
2110	Slåstad	3415	Sør-Odal	G
2114	Disenå	3415	Sør-Odal	G
2116	Sander	3415	Sør-Odal	G
2120	Sagstua	3414	Nord-Odal	G
2121	Sagstua	3414	Nord-Odal	P
2123	Bruvoll	3414	Nord-Odal	G
2130	Knapper	3414	Nord-Odal	G
2132	Gardvik	3414	Nord-Odal	P
2133	Gardvik	3414	Nord-Odal	G
2134	Austvatn	3414	Nord-Odal	G
2150	Årnes	3228	Nes	G
2151	Årnes	3228	Nes	P
2160	Vormsund	3228	Nes	G
2161	Vormsund	3228	Nes	P
2162	Brårud	3228	Nes	G
2163	Skogbygda	3228	Nes	P
2164	Skogbygda	3228	Nes	G
2165	Hvam	3228	Nes	G
2166	Oppaker	3228	Nes	G
2167	Hvam	3228	Nes	P
2170	Fenstad	3228	Nes	G
2201	Kongsvinger	3401	Kongsvinger	P
2202	Kongsvinger	3401	Kongsvinger	P
2203	Kongsvinger	3401	Kongsvinger	P
2204	Kongsvinger	3401	Kongsvinger	P
2205	Kongsvinger	3401	Kongsvinger	P
2206	Kongsvinger	3401	Kongsvinger	P
2207	Kongsvinger	3401	Kongsvinger	P
2208	Kongsvinger	3401	Kongsvinger	G
2209	Kongsvinger	3401	Kongsvinger	G
2210	Granli	3401	Kongsvinger	G
2211	Kongsvinger	3401	Kongsvinger	G
2212	Kongsvinger	3401	Kongsvinger	G
2213	Kongsvinger	3401	Kongsvinger	G
2214	Kongsvinger	3401	Kongsvinger	G
2215	Roverud	3401	Kongsvinger	P
2216	Roverud	3401	Kongsvinger	G
2217	Hokkåsen	3401	Kongsvinger	G
2218	Lundersæter	3401	Kongsvinger	G
2219	Brandval	3401	Kongsvinger	G
2220	Åbogen	3416	Eidskog	G
2223	Galterud	3415	Sør-Odal	G
2224	Austmarka	3401	Kongsvinger	G
2225	Kongsvinger	3401	Kongsvinger	P
2226	Kongsvinger	3401	Kongsvinger	P
2227	Austmarka	3401	Kongsvinger	P
2230	Skotterud	3416	Eidskog	G
2231	Skotterud	3416	Eidskog	P
2232	Tobøl	3416	Eidskog	G
2233	Vestmarka	3416	Eidskog	G
2235	Matrand	3416	Eidskog	G
2240	Magnor	3416	Eidskog	G
2241	Magnor	3416	Eidskog	P
2251	Grue Finnskog	3417	Grue	P
2256	Grue Finnskog	3417	Grue	G
2260	Kirkenær	3417	Grue	G
2261	Kirkenær	3417	Grue	P
2264	Grinder	3417	Grue	G
2265	Namnå	3417	Grue	G
2266	Arneberg	3418	Åsnes	G
2270	Flisa	3418	Åsnes	G
2271	Flisa	3418	Åsnes	P
2280	Gjesåsen	3418	Åsnes	G
2283	Åsnes Finnskog	3418	Åsnes	G
2301	Hamar	3403	Hamar	P
2302	Hamar	3403	Hamar	P
2303	Hamar	3403	Hamar	P
2304	Hamar	3403	Hamar	P
2305	Hamar	3403	Hamar	P
2306	Hamar	3403	Hamar	P
2307	Hamar	3403	Hamar	P
2308	Hamar	3403	Hamar	P
2309	Hamar	3403	Hamar	G
2311	Hamar	3403	Hamar	P
2312	Ottestad	3413	Stange	G
2313	Ottestad	3413	Stange	P
2314	Ottestad	3413	Stange	P
2315	Hamar	3403	Hamar	G
2316	Hamar	3403	Hamar	G
2317	Hamar	3403	Hamar	G
2318	Hamar	3403	Hamar	G
2319	Hamar	3403	Hamar	G
2320	Furnes	3411	Ringsaker	G
2321	Hamar	3403	Hamar	G
2322	Ridabu	3403	Hamar	G
2323	Ingeberg	3403	Hamar	G
2324	Vang på Hedmarken	3403	Hamar	G
2325	Hamar	3403	Hamar	P
2326	Hamar	3403	Hamar	P
2327	Furnes	3411	Ringsaker	P
2328	Ridabu	3403	Hamar	P
2329	Vang på Hedmarken	3403	Hamar	P
2330	Vallset	3413	Stange	G
2331	Vallset	3413	Stange	P
2332	Åsvang	3413	Stange	G
2333	Romedal	3413	Stange	P
2334	Romedal	3413	Stange	G
2335	Stange	3413	Stange	G
2336	Stange	3413	Stange	P
2337	Tangen	3413	Stange	G
2338	Espa	3413	Stange	G
2339	Tangen	3413	Stange	P
2340	Løten	3412	Løten	G
2341	Løten	3412	Løten	P
2344	Ilseng	3413	Stange	G
2345	Ådalsbruk	3412	Løten	G
2346	Ilseng	3413	Stange	P
2350	Nes på Hedmarken	3411	Ringsaker	G
2351	Nes på Hedmarken	3411	Ringsaker	P
2353	Stavsjø	3411	Ringsaker	G
2355	Gaupen	3411	Ringsaker	G
2360	Rudshøgda	3411	Ringsaker	G
2361	Rudshøgda	3411	Ringsaker	P
2364	Næroset	3411	Ringsaker	G
2365	Åsmarka	3411	Ringsaker	G
2372	Brøttum	3411	Ringsaker	G
2373	Brøttum	3411	Ringsaker	P
2380	Brumunddal	3411	Ringsaker	G
2381	Brumunddal	3411	Ringsaker	P
2382	Brumunddal	3411	Ringsaker	G
2383	Brumunddal	3411	Ringsaker	G
2384	Brumunddal	3411	Ringsaker	G
2385	Brumunddal	3411	Ringsaker	G
2386	Brumunddal	3411	Ringsaker	G
2387	Brumunddal	3411	Ringsaker	G
2388	Brumunddal	3411	Ringsaker	G
2389	Brumunddal	3411	Ringsaker	P
2390	Moelv	3411	Ringsaker	G
2391	Moelv	3411	Ringsaker	P
2401	Elverum	3420	Elverum	P
2402	Elverum	3420	Elverum	P
2403	Elverum	3420	Elverum	P
2405	Elverum	3420	Elverum	P
2406	Elverum	3420	Elverum	G
2407	Elverum	3420	Elverum	G
2408	Elverum	3420	Elverum	G
2409	Elverum	3420	Elverum	G
2410	Hernes	3420	Elverum	G
2411	Elverum	3420	Elverum	G
2412	Sørskogbygda	3420	Elverum	G
2413	Elverum	3420	Elverum	G
2414	Elverum	3420	Elverum	G
2415	Heradsbygd	3420	Elverum	G
2416	Jømna	3420	Elverum	G
2417	Elverum	3420	Elverum	P
2418	Elverum	3420	Elverum	P
2419	Elverum	3420	Elverum	P
2420	Trysil	3421	Trysil	G
2421	Trysil	3421	Trysil	P
2422	Nybergsund	3421	Trysil	G
2423	Østby	3421	Trysil	G
2424	Østby	3421	Trysil	P
2425	Ljørdalen	3421	Trysil	G
2426	Ljørdalen	3421	Trysil	P
2427	Plassen	3421	Trysil	G
2428	Søre Osen	3421	Trysil	G
2429	Tørberget	3421	Trysil	G
2430	Jordet	3421	Trysil	G
2432	Slettås	3421	Trysil	G
2434	Braskereidfoss	3419	Våler (innlandet)	P
2435	Braskereidfoss	3419	Våler (innlandet)	G
2436	Våler i Solør	3419	Våler (innlandet)	G
2437	Haslemoen	3419	Våler (innlandet)	G
2438	Gravberget	3419	Våler (innlandet)	G
2440	Engerdal	3425	Engerdal	G
2441	Engerdal	3425	Engerdal	P
2442	Heradsbygd	3420	Elverum	P
2443	Drevsjø	3425	Engerdal	G
2444	Drevsjø	3425	Engerdal	P
2446	Elgå	3425	Engerdal	G
2447	Søre Osen	3421	Trysil	P
2448	Sømådalen	3425	Engerdal	G
2450	Rena	3422	Åmot	G
2451	Rena	3422	Åmot	P
2460	Osen	3422	Åmot	G
2461	Osen	3422	Åmot	P
2476	Atna	3423	Stor-Elvdal	G
2477	Sollia	3423	Stor-Elvdal	G
2478	Hanestad	3424	Rendalen	G
2480	Koppang	3423	Stor-Elvdal	G
2481	Koppang	3423	Stor-Elvdal	P
2484	Rendalen	3424	Rendalen	G
2485	Rendalen	3424	Rendalen	G
2486	Rendalen	3424	Rendalen	P
2487	Rendalen	3424	Rendalen	P
2488	Rendalen	3424	Rendalen	P
2500	Tynset	3427	Tynset	G
2501	Tynset	3427	Tynset	P
2510	Tylldalen	3427	Tynset	G
2512	Kvikne	3427	Tynset	G
2540	Tolga	3426	Tolga	G
2541	Tolga	3426	Tolga	P
2542	Vingelen	3426	Tolga	G
2544	Øversjødalen	3426	Tolga	G
2550	Os i Østerdalen	3430	Os	G
2551	Os i Østerdalen	3430	Os	P
2552	Dalsbygda	3430	Os	G
2555	Tufsingdalen	3430	Os	G
2560	Alvdal	3428	Alvdal	G
2561	Alvdal	3428	Alvdal	P
2580	Folldal	3429	Folldal	G
2581	Folldal	3429	Folldal	P
2582	Grimsbu	3429	Folldal	G
2584	Dalholen	3429	Folldal	G
2601	Lillehammer	3405	Lillehammer	P
2602	Lillehammer	3405	Lillehammer	P
2603	Lillehammer	3405	Lillehammer	P
2604	Lillehammer	3405	Lillehammer	P
2605	Lillehammer	3405	Lillehammer	P
2606	Lillehammer	3405	Lillehammer	P
2607	Vingrom	3405	Lillehammer	G
2608	Lillehammer	3405	Lillehammer	G
2609	Lillehammer	3405	Lillehammer	G
2610	Mesnali	3411	Ringsaker	G
2611	Lillehammer	3405	Lillehammer	G
2612	Sjusjøen	3411	Ringsaker	G
2613	Lillehammer	3405	Lillehammer	G
2614	Lillehammer	3405	Lillehammer	G
2615	Lillehammer	3405	Lillehammer	G
2616	Lismarka	3411	Ringsaker	G
2617	Lillehammer	3405	Lillehammer	P
2618	Lillehammer	3405	Lillehammer	G
2619	Lillehammer	3405	Lillehammer	G
2621	Vingrom	3405	Lillehammer	P
2622	Lillehammer	3405	Lillehammer	P
2623	Lillehammer	3405	Lillehammer	P
2624	Lillehammer	3405	Lillehammer	G
2625	Fåberg	3405	Lillehammer	G
2626	Lillehammer	3405	Lillehammer	P
2627	Fåberg	3405	Lillehammer	P
2628	Sjusjøen	3411	Ringsaker	P
2629	Lillehammer	3405	Lillehammer	P
2630	Ringebu	3439	Ringebu	G
2631	Ringebu	3439	Ringebu	P
2632	Venabygd	3439	Ringebu	G
2633	Fåvang	3439	Ringebu	P
2634	Fåvang	3439	Ringebu	G
2635	Tretten	3440	Øyer	G
2636	Øyer	3440	Øyer	G
2637	Øyer	3440	Øyer	P
2638	Tretten	3440	Øyer	P
2639	Vinstra	3436	Nord-Fron	P
2640	Vinstra	3436	Nord-Fron	G
2641	Kvam	3436	Nord-Fron	P
2642	Kvam	3436	Nord-Fron	G
2643	Skåbu	3436	Nord-Fron	G
2644	Skåbu	3436	Nord-Fron	P
2646	Gålå	3438	Sør-Fron	G
2647	Sør-Fron	3438	Sør-Fron	G
2649	Østre Gausdal	3441	Gausdal	P
2651	Østre Gausdal	3441	Gausdal	G
2652	Svingvoll	3441	Gausdal	G
2653	Vestre Gausdal	3441	Gausdal	G
2654	Vestre Gausdal	3441	Gausdal	P
2656	Follebu	3441	Gausdal	G
2657	Svatsum	3441	Gausdal	G
2658	Espedalen	3438	Sør-Fron	G
2659	Dombås	3431	Dovre	P
2660	Dombås	3431	Dovre	G
2661	Hjerkinn	3431	Dovre	G
2662	Dovre	3431	Dovre	G
2663	Dovreskogen	3431	Dovre	G
2664	Dovre	3431	Dovre	P
2665	Lesja	3432	Lesja	G
2666	Lora	3432	Lesja	G
2667	Lesjaverk	3432	Lesja	G
2668	Lesjaskog	3432	Lesja	G
2669	Bjorli	3432	Lesja	G
2670	Otta	3437	Sel	G
2671	Lesja	3432	Lesja	P
2672	Sel	3437	Sel	G
2673	Høvringen	3437	Sel	G
2674	Mysusæter	3437	Sel	G
2675	Otta	3437	Sel	P
2676	Heidal	3437	Sel	G
2677	Nedre Heidal	3437	Sel	G
2678	Sel	3437	Sel	P
2680	Vågå	3435	Vågå	G
2682	Lalm	3435	Vågå	G
2683	Tessanden	3435	Vågå	G
2684	Vågå	3435	Vågå	P
2685	Garmo	3434	Lom	G
2686	Lom	3434	Lom	G
2687	Bøverdalen	3434	Lom	G
2688	Lom	3434	Lom	P
2690	Skjåk	3433	Skjåk	G
2693	Nordberg	3433	Skjåk	G
2694	Skjåk	3433	Skjåk	P
2695	Grotli	3433	Skjåk	G
2711	Gran	3446	Gran	P
2712	Brandbu	3446	Gran	P
2713	Roa	3234	Lunner	P
2714	Jaren	3446	Gran	P
2715	Lunner	3234	Lunner	P
2716	Harestua	3234	Lunner	P
2717	Grua	3234	Lunner	P
2718	Brandbu	3446	Gran	P
2720	Grindvoll	3234	Lunner	G
2730	Lunner	3234	Lunner	G
2740	Roa	3234	Lunner	G
2742	Grua	3234	Lunner	G
2743	Harestua	3234	Lunner	G
2750	Gran	3446	Gran	G
2760	Brandbu	3446	Gran	G
2770	Jaren	3446	Gran	G
2801	Gjøvik	3407	Gjøvik	P
2802	Gjøvik	3407	Gjøvik	P
2803	Gjøvik	3407	Gjøvik	P
2804	Gjøvik	3407	Gjøvik	P
2805	Gjøvik	3407	Gjøvik	P
2806	Gjøvik	3407	Gjøvik	P
2807	Hunndalen	3407	Gjøvik	P
2808	Gjøvik	3407	Gjøvik	P
2810	Gjøvik	3407	Gjøvik	P
2811	Hunndalen	3407	Gjøvik	P
2812	Gjøvik	3407	Gjøvik	P
2815	Gjøvik	3407	Gjøvik	G
2816	Gjøvik	3407	Gjøvik	G
2817	Gjøvik	3407	Gjøvik	G
2818	Gjøvik	3407	Gjøvik	G
2819	Gjøvik	3407	Gjøvik	G
2820	Nordre Toten	3442	Østre Toten	G
2821	Gjøvik	3407	Gjøvik	G
2822	Bybrua	3407	Gjøvik	G
2825	Gjøvik	3407	Gjøvik	G
2827	Hunndalen	3407	Gjøvik	G
2830	Raufoss	3443	Vestre Toten	G
2831	Raufoss	3443	Vestre Toten	P
2832	Biri	3407	Gjøvik	P
2833	Raufoss	3443	Vestre Toten	G
2834	Raufoss	3443	Vestre Toten	G
2835	Raufoss	3443	Vestre Toten	G
2836	Biri	3407	Gjøvik	G
2837	Biristrand	3407	Gjøvik	G
2838	Snertingdal	3407	Gjøvik	G
2839	Øvre Snertingdal	3407	Gjøvik	G
2840	Reinsvoll	3443	Vestre Toten	G
2841	Snertingdal	3407	Gjøvik	P
2843	Eina	3443	Vestre Toten	G
2844	Kolbu	3442	Østre Toten	P
2845	Bøverbru	3443	Vestre Toten	P
2846	Bøverbru	3443	Vestre Toten	G
2847	Kolbu	3442	Østre Toten	G
2848	Skreia	3442	Østre Toten	G
2849	Kapp	3442	Østre Toten	G
2850	Lena	3442	Østre Toten	G
2851	Lena	3442	Østre Toten	P
2853	Reinsvoll	3443	Vestre Toten	P
2854	Eina	3443	Vestre Toten	P
2857	Skreia	3442	Østre Toten	P
2858	Kapp	3442	Østre Toten	P
2860	Hov	3447	Søndre Land	G
2861	Landåsbygda	3447	Søndre Land	G
2862	Fluberg	3447	Søndre Land	G
2863	Vestsida	3447	Søndre Land	G
2864	Fall	3447	Søndre Land	G
2866	Enger	3447	Søndre Land	G
2867	Hov	3447	Søndre Land	P
2870	Dokka	3448	Nordre Land	G
2879	Odnes	3447	Søndre Land	G
2880	Nord-Torpa	3448	Nordre Land	G
2881	Aust-Torpa	3448	Nordre Land	G
2882	Dokka	3448	Nordre Land	P
2890	Etnedal	3450	Etnedal	G
2893	Etnedal	3450	Etnedal	P
2900	Fagernes	3451	Nord-Aurdal	G
2901	Fagernes	3451	Nord-Aurdal	P
2907	Leira i Valdres	3451	Nord-Aurdal	P
2909	Aurdal	3451	Nord-Aurdal	P
2910	Aurdal	3451	Nord-Aurdal	G
2917	Skrautvål	3451	Nord-Aurdal	G
2918	Ulnes	3451	Nord-Aurdal	G
2920	Leira i Valdres	3451	Nord-Aurdal	G
2923	Tisleidalen	3451	Nord-Aurdal	G
2929	Bagn	3449	Sør-Aurdal	P
2930	Bagn	3449	Sør-Aurdal	G
2933	Reinli	3449	Sør-Aurdal	G
2936	Begnadalen	3449	Sør-Aurdal	G
2937	Begna	3449	Sør-Aurdal	G
2939	Heggenes	3453	Øystre Slidre	P
2940	Heggenes	3453	Øystre Slidre	G
2943	Rogne	3453	Øystre Slidre	G
2950	Skammestein	3453	Øystre Slidre	G
2952	Beito	3453	Øystre Slidre	G
2953	Beitostølen	3453	Øystre Slidre	G
2954	Beitostølen	3453	Øystre Slidre	P
2959	Røn	3452	Vestre Slidre	P
2960	Røn	3452	Vestre Slidre	G
2965	Slidre	3452	Vestre Slidre	P
2966	Slidre	3452	Vestre Slidre	G
2967	Lomen	3452	Vestre Slidre	G
2972	Ryfoss	3454	Vang	P
2973	Ryfoss	3454	Vang	G
2974	Vang i Valdres	3454	Vang	P
2975	Vang i Valdres	3454	Vang	G
2977	Øye	3454	Vang	G
2985	Tyinkrysset	3454	Vang	G
3001	Drammen	3301	Drammen	P
3002	Drammen	3301	Drammen	P
3003	Drammen	3301	Drammen	P
3004	Drammen	3301	Drammen	B
3005	Drammen	3301	Drammen	P
3006	Drammen	3301	Drammen	P
3007	Drammen	3301	Drammen	P
3008	Drammen	3301	Drammen	P
3009	Drammen	3301	Drammen	P
3010	Drammen	3301	Drammen	P
3011	Drammen	3301	Drammen	G
3012	Drammen	3301	Drammen	G
3013	Drammen	3301	Drammen	G
3014	Drammen	3301	Drammen	G
3015	Drammen	3301	Drammen	G
3016	Drammen	3301	Drammen	G
3017	Drammen	3301	Drammen	G
3018	Drammen	3301	Drammen	G
3019	Drammen	3301	Drammen	G
3021	Drammen	3301	Drammen	G
3022	Drammen	3301	Drammen	G
3023	Drammen	3301	Drammen	G
3024	Drammen	3301	Drammen	G
3025	Drammen	3301	Drammen	G
3026	Drammen	3301	Drammen	G
3027	Drammen	3301	Drammen	G
3028	Drammen	3301	Drammen	G
3029	Drammen	3301	Drammen	G
3030	Drammen	3301	Drammen	G
3031	Drammen	3301	Drammen	G
3032	Drammen	3301	Drammen	G
3033	Drammen	3301	Drammen	G
3034	Drammen	3301	Drammen	G
3035	Drammen	3301	Drammen	G
3036	Drammen	3301	Drammen	G
3037	Drammen	3301	Drammen	G
3038	Drammen	3301	Drammen	G
3039	Drammen	3301	Drammen	G
3040	Drammen	3301	Drammen	G
3041	Drammen	3301	Drammen	G
3042	Drammen	3301	Drammen	G
3043	Drammen	3301	Drammen	G
3044	Drammen	3301	Drammen	G
3045	Drammen	3301	Drammen	G
3046	Drammen	3301	Drammen	G
3047	Drammen	3301	Drammen	G
3048	Drammen	3301	Drammen	G
3050	Mjøndalen	3301	Drammen	G
3051	Mjøndalen	3301	Drammen	P
3053	Steinberg	3301	Drammen	G
3054	Krokstadelva	3301	Drammen	P
3055	Krokstadelva	3301	Drammen	G
3056	Solbergelva	3301	Drammen	P
3057	Solbergelva	3301	Drammen	G
3058	Solbergmoen	3301	Drammen	G
3060	Svelvik	3301	Drammen	G
3061	Svelvik	3301	Drammen	P
3063	Drammen	3301	Drammen	P
3064	Drammen	3301	Drammen	P
3065	Drammen	3301	Drammen	P
3066	Drammen	3301	Drammen	P
3070	Sande i Vestfold	3903	Holmestrand	G
3071	Sande i Vestfold	3903	Holmestrand	P
3072	Sande i Vestfold	3903	Holmestrand	G
3073	Sande i Vestfold	3903	Holmestrand	G
3074	Sande i Vestfold	3903	Holmestrand	G
3075	Berger	3301	Drammen	G
3076	Sande i Vestfold	3903	Holmestrand	G
3077	Sande i Vestfold	3903	Holmestrand	G
3080	Holmestrand	3903	Holmestrand	G
3081	Holmestrand	3903	Holmestrand	P
3082	Holmestrand	3903	Holmestrand	P
3083	Holmestrand	3903	Holmestrand	G
3084	Holmestrand	3903	Holmestrand	G
3085	Holmestrand	3903	Holmestrand	G
3086	Holmestrand	3903	Holmestrand	G
3087	Holmestrand	3903	Holmestrand	P
3088	Holmestrand	3903	Holmestrand	P
3089	Holmestrand	3903	Holmestrand	G
3090	Hof	3903	Holmestrand	G
3091	Hof	3903	Holmestrand	P
3092	Sundbyfoss	3903	Holmestrand	G
3095	Eidsfoss	3903	Holmestrand	G
3101	Tønsberg	3905	Tønsberg	P
3103	Tønsberg	3905	Tønsberg	P
3104	Tønsberg	3905	Tønsberg	P
3105	Tønsberg	3905	Tønsberg	P
3106	Nøtterøy	3911	Færder	P
3107	Sem	3905	Tønsberg	P
3108	Vear	3905	Tønsberg	P
3109	Tønsberg	3905	Tønsberg	P
3110	Tønsberg	3905	Tønsberg	G
3111	Tønsberg	3905	Tønsberg	G
3112	Tønsberg	3905	Tønsberg	G
3113	Tønsberg	3905	Tønsberg	G
3114	Tønsberg	3905	Tønsberg	G
3115	Tønsberg	3905	Tønsberg	G
3116	Tønsberg	3905	Tønsberg	G
3117	Tønsberg	3905	Tønsberg	G
3118	Tønsberg	3905	Tønsberg	G
3119	Tønsberg	3905	Tønsberg	P
3120	Nøtterøy	3911	Færder	G
3121	Nøtterøy	3911	Færder	G
3122	Tønsberg	3905	Tønsberg	G
3123	Tønsberg	3905	Tønsberg	G
3124	Tønsberg	3905	Tønsberg	G
3125	Tønsberg	3905	Tønsberg	G
3126	Tønsberg	3905	Tønsberg	G
3127	Tønsberg	3905	Tønsberg	G
3128	Nøtterøy	3911	Færder	G
3129	Tønsberg	3905	Tønsberg	P
3131	Husøysund	3911	Færder	P
3132	Husøysund	3911	Færder	G
3133	Duken	3911	Færder	G
3134	Tønsberg	3905	Tønsberg	P
3135	Torød	3911	Færder	G
3137	Torød	3911	Færder	P
3138	Skallestad	3911	Færder	G
3139	Skallestad	3911	Færder	P
3140	Nøtterøy	3911	Færder	G
3141	Kjøpmannskjær	3911	Færder	P
3142	Vestskogen	3911	Færder	G
3143	Kjøpmannskjær	3911	Færder	G
3144	Veierland	3911	Færder	B
3145	Tjøme	3911	Færder	G
3148	Hvasser	3911	Færder	G
3150	Tolvsrød	3905	Tønsberg	G
3151	Tolvsrød	3905	Tønsberg	G
3152	Tolvsrød	3905	Tønsberg	G
3153	Tolvsrød	3905	Tønsberg	G
3154	Tolvsrød	3905	Tønsberg	G
3156	Melsomvik	3907	Sandefjord	P
3157	Barkåker	3905	Tønsberg	G
3158	Andebu	3907	Sandefjord	G
3159	Melsomvik	3907	Sandefjord	G
3160	Stokke	3907	Sandefjord	G
3161	Stokke	3907	Sandefjord	P
3162	Andebu	3907	Sandefjord	P
3163	Nøtterøy	3911	Færder	P
3164	Revetal	3905	Tønsberg	P
3165	Tjøme	3911	Færder	P
3166	Tolvsrød	3905	Tønsberg	P
3167	Åsgårdstrand	3901	Horten	P
3170	Sem	3905	Tønsberg	G
3171	Sem	3905	Tønsberg	G
3172	Vear	3905	Tønsberg	G
3173	Vear	3905	Tønsberg	G
3174	Revetal	3905	Tønsberg	G
3175	Ramnes	3905	Tønsberg	G
3176	Undrumsdal	3905	Tønsberg	G
3177	Våle	3905	Tønsberg	P
3178	Våle	3905	Tønsberg	G
3179	Åsgårdstrand	3901	Horten	G
3180	Nykirke	3901	Horten	G
3181	Horten	3901	Horten	G
3182	Horten	3901	Horten	G
3183	Horten	3901	Horten	G
3184	Borre	3901	Horten	G
3185	Skoppum	3901	Horten	G
3186	Horten	3901	Horten	G
3187	Horten	3901	Horten	G
3188	Horten	3901	Horten	G
3189	Horten	3901	Horten	G
3191	Horten	3901	Horten	P
3192	Horten	3901	Horten	P
3193	Horten	3901	Horten	P
3194	Horten	3901	Horten	P
3195	Skoppum	3901	Horten	P
3196	Horten	3901	Horten	P
3199	Borre	3901	Horten	P
3201	Sandefjord	3907	Sandefjord	P
3202	Sandefjord	3907	Sandefjord	P
3203	Sandefjord	3907	Sandefjord	P
3204	Sandefjord	3907	Sandefjord	P
3205	Sandefjord	3907	Sandefjord	P
3206	Sandefjord	3907	Sandefjord	P
3207	Sandefjord	3907	Sandefjord	P
3208	Sandefjord	3907	Sandefjord	G
3209	Sandefjord	3907	Sandefjord	G
3210	Sandefjord	3907	Sandefjord	G
3211	Sandefjord	3907	Sandefjord	G
3212	Sandefjord	3907	Sandefjord	G
3213	Sandefjord	3907	Sandefjord	G
3214	Sandefjord	3907	Sandefjord	G
3215	Sandefjord	3907	Sandefjord	G
3216	Sandefjord	3907	Sandefjord	G
3217	Sandefjord	3907	Sandefjord	G
3218	Sandefjord	3907	Sandefjord	G
3219	Sandefjord	3907	Sandefjord	G
3220	Sandefjord	3907	Sandefjord	G
3221	Sandefjord	3907	Sandefjord	G
3222	Sandefjord	3907	Sandefjord	G
3223	Sandefjord	3907	Sandefjord	G
3224	Sandefjord	3907	Sandefjord	G
3225	Sandefjord	3907	Sandefjord	G
3226	Sandefjord	3907	Sandefjord	G
3227	Sandefjord	3907	Sandefjord	G
3228	Sandefjord	3907	Sandefjord	G
3229	Sandefjord	3907	Sandefjord	G
3230	Sandefjord	3907	Sandefjord	G
3231	Sandefjord	3907	Sandefjord	G
3232	Sandefjord	3907	Sandefjord	G
3233	Sandefjord	3907	Sandefjord	G
3234	Sandefjord	3907	Sandefjord	G
3235	Sandefjord	3907	Sandefjord	G
3236	Sandefjord	3907	Sandefjord	G
3237	Sandefjord	3907	Sandefjord	G
3238	Sandefjord	3907	Sandefjord	G
3239	Sandefjord	3907	Sandefjord	G
3240	Sandefjord	3907	Sandefjord	P
3241	Sandefjord	3907	Sandefjord	G
3242	Sandefjord	3907	Sandefjord	G
3243	Kodal	3907	Sandefjord	G
3244	Sandefjord	3907	Sandefjord	G
3246	Sandefjord	3907	Sandefjord	P
3247	Sandefjord	3907	Sandefjord	P
3248	Sandefjord	3907	Sandefjord	P
3249	Sandefjord	3907	Sandefjord	P
3251	Larvik	3909	Larvik	P
3252	Larvik	3909	Larvik	P
3253	Larvik	3909	Larvik	P
3254	Larvik	3909	Larvik	P
3255	Larvik	3909	Larvik	P
3256	Larvik	3909	Larvik	G
3257	Larvik	3909	Larvik	G
3258	Larvik	3909	Larvik	G
3259	Larvik	3909	Larvik	G
3260	Larvik	3909	Larvik	G
3261	Larvik	3909	Larvik	G
3262	Larvik	3909	Larvik	G
3263	Larvik	3909	Larvik	G
3264	Larvik	3909	Larvik	G
3265	Larvik	3909	Larvik	G
3267	Larvik	3909	Larvik	G
3268	Larvik	3909	Larvik	G
3269	Larvik	3909	Larvik	G
3270	Larvik	3909	Larvik	G
3271	Larvik	3909	Larvik	G
3274	Larvik	3909	Larvik	G
3275	Svarstad	3909	Larvik	G
3276	Svarstad	3909	Larvik	P
3277	Steinsholt	3909	Larvik	G
3280	Tjodalyng	3909	Larvik	G
3281	Tjodalyng	3909	Larvik	P
3282	Kvelde	3909	Larvik	G
3284	Kvelde	3909	Larvik	P
3285	Larvik	3909	Larvik	P
3290	Stavern	3909	Larvik	G
3291	Stavern	3909	Larvik	P
3292	Stavern	3909	Larvik	G
3294	Stavern	3909	Larvik	G
3295	Helgeroa	3909	Larvik	G
3296	Nevlunghavn	3909	Larvik	G
3297	Helgeroa	3909	Larvik	P
3300	Hokksund	3314	Øvre Eiker	G
3301	Hokksund	3314	Øvre Eiker	P
3302	Hokksund	3314	Øvre Eiker	G
3303	Hokksund	3314	Øvre Eiker	G
3320	Vestfossen	3314	Øvre Eiker	G
3321	Vestfossen	3314	Øvre Eiker	P
3322	Fiskum	3314	Øvre Eiker	G
3330	Skotselv	3314	Øvre Eiker	G
3331	Skotselv	3314	Øvre Eiker	P
3340	Åmot	3316	Modum	G
3341	Åmot	3316	Modum	P
3342	Åmot	3316	Modum	P
3350	Prestfoss	3332	Sigdal	G
3351	Prestfoss	3332	Sigdal	P
3355	Solumsmoen	3332	Sigdal	G
3357	Eggedal	3332	Sigdal	P
3358	Nedre Eggedal	3332	Sigdal	G
3359	Eggedal	3332	Sigdal	G
3360	Geithus	3316	Modum	G
3361	Geithus	3316	Modum	P
3370	Vikersund	3316	Modum	G
3371	Vikersund	3316	Modum	P
3401	Lier	3312	Lier	P
3402	Lier	3312	Lier	G
3403	Lier	3312	Lier	G
3404	Lier	3312	Lier	G
3405	Lier	3312	Lier	G
3406	Tranby	3312	Lier	G
3407	Tranby	3312	Lier	P
3408	Tranby	3312	Lier	G
3409	Tranby	3312	Lier	G
3410	Sylling	3312	Lier	G
3411	Sylling	3312	Lier	P
3412	Lierstranda	3312	Lier	P
3413	Lier	3312	Lier	G
3414	Lierstranda	3312	Lier	G
3420	Lierskogen	3312	Lier	G
3421	Lierskogen	3312	Lier	P
3425	Reistad	3312	Lier	G
3426	Gullaug	3312	Lier	G
3427	Gullaug	3312	Lier	G
3428	Gullaug	3312	Lier	P
3430	Spikkestad	3203	Asker	G
3431	Spikkestad	3203	Asker	P
3440	Røyken	3203	Asker	G
3441	Røyken	3203	Asker	P
3442	Hyggen	3203	Asker	G
3470	Slemmestad	3203	Asker	G
3471	Slemmestad	3203	Asker	P
3472	Bødalen	3203	Asker	G
3474	Åros	3203	Asker	G
3475	Sætre	3203	Asker	G
3476	Sætre	3203	Asker	P
3477	Båtstø	3203	Asker	G
3478	Nærsnes	3203	Asker	G
3479	Nærsnes	3203	Asker	P
3480	Filtvet	3203	Asker	G
3481	Tofte	3203	Asker	P
3482	Tofte	3203	Asker	G
3483	Kana	3203	Asker	G
3484	Holmsbu	3203	Asker	G
3485	Filtvet	3203	Asker	P
3490	Klokkarstua	3203	Asker	G
3501	Hønefoss	3305	Ringerike	P
3502	Hønefoss	3305	Ringerike	P
3503	Hønefoss	3305	Ringerike	P
3504	Hønefoss	3305	Ringerike	P
3507	Hønefoss	3305	Ringerike	P
3510	Hønefoss	3305	Ringerike	G
3511	Hønefoss	3305	Ringerike	G
3512	Hønefoss	3305	Ringerike	G
3513	Hønefoss	3305	Ringerike	G
3514	Hønefoss	3305	Ringerike	G
3515	Hønefoss	3305	Ringerike	G
3516	Hønefoss	3305	Ringerike	G
3517	Hønefoss	3305	Ringerike	G
3518	Hønefoss	3305	Ringerike	G
3519	Hønefoss	3305	Ringerike	G
3520	Jevnaker	3236	Jevnaker	G
3521	Jevnaker	3236	Jevnaker	P
3522	Bjoneroa	3446	Gran	G
3523	Nes i Ådal	3305	Ringerike	P
3524	Nes i Ådal	3305	Ringerike	G
3525	Hallingby	3305	Ringerike	G
3526	Hallingby	3305	Ringerike	P
3528	Hedalen	3449	Sør-Aurdal	G
3529	Røyse	3310	Hole	P
3530	Røyse	3310	Hole	G
3531	Krokkleiva	3310	Hole	G
3532	Tyristrand	3305	Ringerike	P
3533	Tyristrand	3305	Ringerike	G
3534	Sokna	3305	Ringerike	G
3535	Krøderen	3318	Krødsherad	G
3536	Noresund	3318	Krødsherad	G
3537	Krøderen	3318	Krødsherad	P
3538	Sollihøgda	3310	Hole	G
3539	Flå	3320	Flå	G
3540	Nesbyen	3322	Nesbyen	G
3541	Nesbyen	3322	Nesbyen	P
3542	Sokna	3305	Ringerike	P
3543	Noresund	3318	Krødsherad	P
3544	Tunhovd	3338	Nore og Uvdal	G
3545	Flå	3320	Flå	P
3546	Krokkleiva	3310	Hole	P
3550	Gol	3324	Gol	G
3551	Gol	3324	Gol	P
3560	Hemsedal	3326	Hemsedal	G
3561	Hemsedal	3326	Hemsedal	P
3570	Ål	3328	Ål	G
3571	Ål	3328	Ål	P
3576	Hol	3330	Hol	G
3577	Hovet	3330	Hol	G
3579	Torpo	3328	Ål	G
3580	Geilo	3330	Hol	G
3581	Geilo	3330	Hol	P
3588	Dagali	3330	Hol	G
3593	Ustaoset	3330	Hol	B
3595	Haugastøl	3330	Hol	B
3601	Kongsberg	3303	Kongsberg	P
3602	Kongsberg	3303	Kongsberg	P
3603	Kongsberg	3303	Kongsberg	P
3604	Kongsberg	3303	Kongsberg	P
3605	Kongsberg	3303	Kongsberg	P
3606	Kongsberg	3303	Kongsberg	P
3607	Kongsberg	3303	Kongsberg	P
3608	Heistadmoen	3303	Kongsberg	G
3609	Kongsberg	3303	Kongsberg	P
3610	Kongsberg	3303	Kongsberg	G
3611	Kongsberg	3303	Kongsberg	G
3612	Kongsberg	3303	Kongsberg	G
3613	Kongsberg	3303	Kongsberg	G
3614	Kongsberg	3303	Kongsberg	G
3615	Kongsberg	3303	Kongsberg	G
3616	Kongsberg	3303	Kongsberg	G
3617	Kongsberg	3303	Kongsberg	G
3618	Skollenborg	3303	Kongsberg	G
3619	Skollenborg	3303	Kongsberg	G
3620	Flesberg	3334	Flesberg	G
3621	Lampeland	3334	Flesberg	P
3622	Svene	3334	Flesberg	G
3623	Lampeland	3334	Flesberg	G
3624	Lyngdal i Numedal	3334	Flesberg	G
3625	Skollenborg	3303	Kongsberg	P
3626	Rollag	3336	Rollag	G
3627	Veggli	3336	Rollag	P
3628	Veggli	3336	Rollag	G
3629	Nore	3338	Nore og Uvdal	G
3630	Rødberg	3338	Nore og Uvdal	G
3631	Rødberg	3338	Nore og Uvdal	P
3632	Uvdal	3338	Nore og Uvdal	G
3634	Nore	3338	Nore og Uvdal	P
3646	Hvittingfoss	3303	Kongsberg	P
3647	Hvittingfoss	3303	Kongsberg	G
3648	Passebekk	3303	Kongsberg	G
3650	Tinn Austbygd	4026	Tinn	G
3652	Hovin i Telemark	4026	Tinn	G
3656	Atrå	4026	Tinn	G
3658	Miland	4026	Tinn	G
3660	Rjukan	4026	Tinn	G
3661	Rjukan	4026	Tinn	P
3665	Sauland	4024	Hjartdal	P
3666	Atrå	4026	Tinn	P
3671	Notodden	4005	Notodden	P
3672	Notodden	4005	Notodden	P
3673	Notodden	4005	Notodden	P
3674	Notodden	4005	Notodden	G
3675	Notodden	4005	Notodden	G
3676	Notodden	4005	Notodden	G
3677	Notodden	4005	Notodden	G
3678	Notodden	4005	Notodden	G
3679	Notodden	4005	Notodden	G
3680	Notodden	4005	Notodden	G
3681	Notodden	4005	Notodden	G
3683	Notodden	4005	Notodden	G
3684	Notodden	4005	Notodden	G
3690	Hjartdal	4024	Hjartdal	G
3691	Gransherad	4005	Notodden	G
3692	Sauland	4024	Hjartdal	G
3697	Tuddal	4024	Hjartdal	G
3701	Skien	4003	Skien	P
3702	Skien	4003	Skien	P
3703	Skien	4003	Skien	P
3704	Skien	4003	Skien	P
3705	Skien	4003	Skien	P
3707	Skien	4003	Skien	P
3710	Skien	4003	Skien	B
3711	Skien	4003	Skien	G
3712	Skien	4003	Skien	G
3713	Skien	4003	Skien	G
3714	Skien	4003	Skien	G
3715	Skien	4003	Skien	G
3716	Skien	4003	Skien	G
3717	Skien	4003	Skien	G
3718	Skien	4003	Skien	G
3719	Skien	4003	Skien	G
3720	Skien	4003	Skien	G
3721	Skien	4003	Skien	G
3722	Skien	4003	Skien	G
3723	Skien	4003	Skien	G
3724	Skien	4003	Skien	G
3725	Skien	4003	Skien	G
3726	Skien	4003	Skien	G
3727	Skien	4003	Skien	G
3728	Skien	4003	Skien	G
3729	Skien	4003	Skien	G
3730	Skien	4003	Skien	G
3731	Skien	4003	Skien	G
3732	Skien	4003	Skien	G
3733	Skien	4003	Skien	G
3734	Skien	4003	Skien	G
3735	Skien	4003	Skien	G
3736	Skien	4003	Skien	G
3737	Skien	4003	Skien	G
3738	Skien	4003	Skien	G
3739	Skien	4003	Skien	G
3740	Skien	4003	Skien	G
3741	Skien	4003	Skien	G
3742	Skien	4003	Skien	G
3743	Skien	4003	Skien	G
3744	Skien	4003	Skien	G
3746	Skien	4003	Skien	G
3747	Skien	4003	Skien	G
3748	Siljan	4010	Siljan	G
3749	Siljan	4010	Siljan	P
3750	Drangedal	4016	Drangedal	G
3753	Tørdal	4016	Drangedal	G
3760	Neslandsvatn	4016	Drangedal	G
3766	Sannidal	4014	Kragerø	G
3770	Kragerø	4014	Kragerø	G
3772	Kragerø	4014	Kragerø	G
3780	Skåtøy	4014	Kragerø	G
3781	Jomfruland	4014	Kragerø	G
3783	Kragerø Skjærgård	4014	Kragerø	G
3785	Skien	4003	Skien	P
3786	Skien	4003	Skien	P
3788	Stabbestad	4014	Kragerø	G
3789	Kragerø	4014	Kragerø	P
3790	Helle	4014	Kragerø	G
3791	Kragerø	4014	Kragerø	P
3792	Skien	4003	Skien	P
3793	Sannidal	4014	Kragerø	P
3794	Helle	4014	Kragerø	P
3795	Drangedal	4016	Drangedal	P
3796	Skien	4003	Skien	P
3798	Skien	4003	Skien	P
3799	Skien	4003	Skien	P
3800	Bø i Telemark	4020	Midt-Telemark	G
3801	Bø i Telemark	4020	Midt-Telemark	G
3802	Bø i Telemark	4020	Midt-Telemark	G
3803	Bø i Telemark	4020	Midt-Telemark	G
3804	Bø i Telemark	4020	Midt-Telemark	G
3805	Bø i Telemark	4022	Seljord	G
3810	Gvarv	4020	Midt-Telemark	G
3811	Hørte	4020	Midt-Telemark	G
3812	Akkerhaugen	4020	Midt-Telemark	G
3820	Nordagutu	4020	Midt-Telemark	G
3825	Lunde	4018	Nome	G
3830	Ulefoss	4018	Nome	G
3831	Ulefoss	4018	Nome	P
3832	Lunde	4018	Nome	P
3833	Bø i Telemark	4020	Midt-Telemark	P
3834	Gvarv	4020	Midt-Telemark	P
3835	Seljord	4022	Seljord	P
3836	Kviteseid	4028	Kviteseid	P
3840	Seljord	4022	Seljord	G
3841	Flatdal	4022	Seljord	G
3844	Åmotsdal	4022	Seljord	G
3848	Morgedal	4028	Kviteseid	G
3849	Vråliosen	4028	Kviteseid	G
3850	Kviteseid	4028	Kviteseid	G
3852	Vrådal	4028	Kviteseid	P
3853	Vrådal	4028	Kviteseid	G
3854	Nissedal	4030	Nissedal	G
3855	Treungen	4030	Nissedal	G
3864	Rauland	4036	Vinje	G
3870	Fyresdal	4032	Fyresdal	G
3880	Dalen	4034	Tokke	G
3882	Åmdals Verk	4034	Tokke	G
3883	Treungen	4030	Nissedal	P
3884	Rauland	4036	Vinje	P
3885	Fyresdal	4032	Fyresdal	P
3886	Dalen	4034	Tokke	P
3887	Vinje	4036	Vinje	P
3888	Edland	4036	Vinje	P
3890	Vinje	4036	Vinje	G
3891	Høydalsmo	4034	Tokke	G
3893	Vinjesvingen	4036	Vinje	G
3895	Edland	4036	Vinje	G
3901	Porsgrunn	4001	Porsgrunn	P
3902	Porsgrunn	4001	Porsgrunn	P
3903	Porsgrunn	4001	Porsgrunn	P
3904	Porsgrunn	4001	Porsgrunn	P
3905	Porsgrunn	4001	Porsgrunn	P
3906	Porsgrunn	4001	Porsgrunn	P
3910	Porsgrunn	4001	Porsgrunn	G
3911	Porsgrunn	4001	Porsgrunn	G
3912	Porsgrunn	4001	Porsgrunn	G
3913	Porsgrunn	4001	Porsgrunn	G
3914	Porsgrunn	4001	Porsgrunn	G
3915	Porsgrunn	4001	Porsgrunn	G
3916	Porsgrunn	4001	Porsgrunn	G
3917	Porsgrunn	4001	Porsgrunn	G
3918	Porsgrunn	4001	Porsgrunn	G
3919	Porsgrunn	4001	Porsgrunn	G
3920	Porsgrunn	4001	Porsgrunn	G
3921	Porsgrunn	4001	Porsgrunn	G
3922	Porsgrunn	4001	Porsgrunn	G
3924	Porsgrunn	4001	Porsgrunn	G
3925	Porsgrunn	4001	Porsgrunn	G
3928	Porsgrunn	4001	Porsgrunn	G
3929	Porsgrunn	4001	Porsgrunn	G
3930	Porsgrunn	4001	Porsgrunn	G
3931	Porsgrunn	4001	Porsgrunn	G
3933	Porsgrunn	4001	Porsgrunn	G
3936	Porsgrunn	4001	Porsgrunn	G
3937	Porsgrunn	4001	Porsgrunn	G
3939	Porsgrunn	4001	Porsgrunn	P
3940	Porsgrunn	4001	Porsgrunn	G
3941	Porsgrunn	4001	Porsgrunn	G
3942	Porsgrunn	4001	Porsgrunn	G
3943	Porsgrunn	4001	Porsgrunn	G
3944	Porsgrunn	4001	Porsgrunn	G
3946	Porsgrunn	4001	Porsgrunn	G
3947	Langangen	4001	Porsgrunn	G
3948	Porsgrunn	4001	Porsgrunn	G
3949	Porsgrunn	4001	Porsgrunn	G
3950	Brevik	4001	Porsgrunn	G
3960	Stathelle	4012	Bamble	G
3961	Stathelle	4012	Bamble	G
3962	Stathelle	4012	Bamble	G
3965	Herre	4012	Bamble	G
3966	Stathelle	4012	Bamble	P
3967	Stathelle	4012	Bamble	G
3970	Langesund	4012	Bamble	G
3991	Brevik	4001	Porsgrunn	P
3993	Langesund	4012	Bamble	P
3994	Langesund	4012	Bamble	P
3995	Stathelle	4012	Bamble	P
3996	Porsgrunn	4001	Porsgrunn	P
3997	Porsgrunn	4001	Porsgrunn	P
3998	Porsgrunn	4001	Porsgrunn	P
3999	Herre	4012	Bamble	P
4001	Stavanger	1103	Stavanger	P
4002	Stavanger	1103	Stavanger	P
4003	Stavanger	1103	Stavanger	P
4004	Stavanger	1103	Stavanger	P
4005	Stavanger	1103	Stavanger	G
4006	Stavanger	1103	Stavanger	G
4007	Stavanger	1103	Stavanger	G
4008	Stavanger	1103	Stavanger	G
4009	Stavanger	1103	Stavanger	G
4010	Stavanger	1103	Stavanger	G
4011	Stavanger	1103	Stavanger	G
4012	Stavanger	1103	Stavanger	G
4013	Stavanger	1103	Stavanger	G
4014	Stavanger	1103	Stavanger	G
4015	Stavanger	1103	Stavanger	G
4016	Stavanger	1103	Stavanger	G
4017	Stavanger	1103	Stavanger	G
4018	Stavanger	1103	Stavanger	G
4019	Stavanger	1103	Stavanger	G
4020	Stavanger	1103	Stavanger	G
4021	Stavanger	1103	Stavanger	G
4022	Stavanger	1103	Stavanger	G
4023	Stavanger	1103	Stavanger	G
4024	Stavanger	1103	Stavanger	G
4025	Stavanger	1103	Stavanger	G
4026	Stavanger	1103	Stavanger	G
4027	Stavanger	1103	Stavanger	G
4028	Stavanger	1103	Stavanger	G
4029	Stavanger	1103	Stavanger	G
4031	Stavanger	1103	Stavanger	G
4032	Stavanger	1103	Stavanger	G
4033	Stavanger	1103	Stavanger	G
4034	Stavanger	1103	Stavanger	G
4035	Stavanger	1103	Stavanger	B
4036	Stavanger	1103	Stavanger	P
4041	Hafrsfjord	1103	Stavanger	G
4042	Hafrsfjord	1103	Stavanger	G
4043	Hafrsfjord	1103	Stavanger	G
4044	Hafrsfjord	1103	Stavanger	G
4045	Hafrsfjord	1103	Stavanger	G
4046	Hafrsfjord	1103	Stavanger	G
4047	Hafrsfjord	1103	Stavanger	G
4048	Hafrsfjord	1103	Stavanger	G
4049	Hafrsfjord	1103	Stavanger	G
4050	Sola	1124	Sola	G
4051	Sola	1124	Sola	G
4052	Røyneberg	1124	Sola	G
4053	Ræge	1124	Sola	G
4054	Tjelta	1124	Sola	G
4055	Sola	1124	Sola	G
4056	Tananger	1124	Sola	G
4057	Tananger	1124	Sola	G
4058	Tananger	1124	Sola	G
4059	Røyneberg	1124	Sola	P
4063	Tjelta	1124	Sola	P
4068	Stavanger	1103	Stavanger	P
4070	Randaberg	1127	Randaberg	G
4071	Randaberg	1127	Randaberg	G
4072	Randaberg	1127	Randaberg	G
4073	Randaberg	1127	Randaberg	G
4075	Stavanger	1103	Stavanger	G
4076	Vassøy	1103	Stavanger	G
4077	Hundvåg	1103	Stavanger	G
4078	Stavanger	1103	Stavanger	P
4079	Stavanger	1103	Stavanger	P
4081	Stavanger	1103	Stavanger	P
4082	Stavanger	1103	Stavanger	P
4083	Hundvåg	1103	Stavanger	G
4084	Stavanger	1103	Stavanger	P
4085	Hundvåg	1103	Stavanger	G
4086	Hundvåg	1103	Stavanger	P
4087	Stavanger	1103	Stavanger	P
4088	Stavanger	1103	Stavanger	P
4089	Hafrsfjord	1103	Stavanger	P
4090	Hafrsfjord	1103	Stavanger	P
4091	Hafrsfjord	1103	Stavanger	P
4092	Stavanger	1103	Stavanger	P
4093	Stavanger	1103	Stavanger	P
4094	Stavanger	1103	Stavanger	P
4095	Stavanger	1103	Stavanger	P
4096	Randaberg	1127	Randaberg	P
4097	Sola	1124	Sola	P
4098	Tananger	1124	Sola	P
4099	Stavanger	1103	Stavanger	P
4100	Jørpeland	1130	Strand	G
4102	Idse	1130	Strand	G
4103	Jørpeland	1130	Strand	G
4104	Jørpeland	1130	Strand	G
4105	Jørpeland	1130	Strand	G
4110	Forsand	1108	Sandnes	G
4119	Forsand	1108	Sandnes	P
4120	Tau	1130	Strand	G
4121	Tau	1130	Strand	G
4123	Sør-Hidle	1130	Strand	G
4124	Tau	1130	Strand	P
4126	Jørpeland	1130	Strand	P
4127	Lysebotn	1108	Sandnes	G
4128	Flørli	1108	Sandnes	G
4129	Songesand	1108	Sandnes	G
4130	Hjelmeland	1133	Hjelmeland	G
4134	Jøsenfjorden	1133	Hjelmeland	G
4137	Årdal i Ryfylke	1133	Hjelmeland	G
4139	Fister	1133	Hjelmeland	G
4146	Skiftun	1133	Hjelmeland	G
4148	Hjelmeland	1133	Hjelmeland	P
4150	Rennesøy	1103	Stavanger	G
4152	Vestre Åmøy	1103	Stavanger	G
4153	Brimse	1103	Stavanger	G
4154	Austre Åmøy	1103	Stavanger	G
4156	Mosterøy	1103	Stavanger	G
4158	Bru	1103	Stavanger	G
4159	Rennesøy	1103	Stavanger	P
4160	Finnøy	1103	Stavanger	G
4161	Finnøy	1103	Stavanger	P
4163	Talgje	1103	Stavanger	G
4164	Fogn	1103	Stavanger	G
4167	Helgøy i Ryfylke	1133	Hjelmeland	G
4168	Byre	1103	Stavanger	G
4169	Sørbokn	1103	Stavanger	G
4170	Sjernarøy	1103	Stavanger	G
4173	Nord-Hidle	1103	Stavanger	G
4174	Sjernarøy	1103	Stavanger	P
4180	Kvitsøy	1144	Kvitsøy	G
4181	Kvitsøy	1144	Kvitsøy	P
4182	Skartveit	1103	Stavanger	B
4187	Ombo	1103	Stavanger	G
4198	Foldøy	1134	Suldal	G
4200	Sauda	1135	Sauda	G
4201	Sauda	1135	Sauda	P
4208	Saudasjøen	1135	Sauda	G
4209	Vanvik	1134	Suldal	G
4230	Sand	1134	Suldal	G
4233	Erfjord	1134	Suldal	G
4234	Jelsa	1134	Suldal	G
4235	Hebnes	1134	Suldal	G
4237	Suldalsosen	1134	Suldal	G
4238	Erfjord	1134	Suldal	P
4239	Sand	1134	Suldal	P
4240	Suldalsosen	1134	Suldal	P
4244	Nesflaten	1134	Suldal	G
4250	Kopervik	1149	Karmøy	G
4260	Torvastad	1149	Karmøy	G
4262	Avaldsnes	1149	Karmøy	G
4264	Kvalavåg	1149	Karmøy	G
4265	Håvik	1149	Karmøy	G
4270	Åkrehamn	1149	Karmøy	G
4272	Sandve	1149	Karmøy	G
4274	Stol	1149	Karmøy	G
4275	Sævelandsvik	1149	Karmøy	G
4276	Veavågen	1149	Karmøy	G
4280	Skudeneshavn	1149	Karmøy	G
4291	Kopervik	1149	Karmøy	P
4294	Kopervik	1149	Karmøy	P
4295	Veavågen	1149	Karmøy	P
4296	Åkrehamn	1149	Karmøy	P
4297	Skudeneshavn	1149	Karmøy	P
4298	Torvastad	1149	Karmøy	P
4299	Avaldsnes	1149	Karmøy	P
4301	Sandnes	1108	Sandnes	P
4302	Sandnes	1108	Sandnes	P
4306	Sandnes	1108	Sandnes	G
4307	Sandnes	1108	Sandnes	G
4308	Sandnes	1108	Sandnes	G
4309	Sandnes	1108	Sandnes	G
4310	Hommersåk	1108	Sandnes	G
4311	Hommersåk	1108	Sandnes	G
4312	Sandnes	1108	Sandnes	G
4313	Sandnes	1108	Sandnes	G
4314	Sandnes	1108	Sandnes	G
4315	Sandnes	1108	Sandnes	G
4316	Sandnes	1108	Sandnes	G
4317	Sandnes	1108	Sandnes	G
4318	Sandnes	1108	Sandnes	G
4319	Sandnes	1108	Sandnes	G
4320	Sandnes	1108	Sandnes	G
4321	Sandnes	1108	Sandnes	G
4322	Sandnes	1108	Sandnes	G
4323	Sandnes	1108	Sandnes	G
4324	Sandnes	1108	Sandnes	G
4325	Sandnes	1108	Sandnes	G
4326	Sandnes	1108	Sandnes	G
4327	Sandnes	1108	Sandnes	G
4328	Sandnes	1108	Sandnes	G
4329	Sandnes	1108	Sandnes	G
4330	Ålgård	1122	Gjesdal	G
4331	Ålgård	1122	Gjesdal	G
4332	Figgjo	1108	Sandnes	G
4333	Oltedal	1122	Gjesdal	G
4334	Ålgård	1122	Gjesdal	G
4335	Dirdal	1122	Gjesdal	G
4336	Sandnes	1108	Sandnes	G
4337	Sandnes	1108	Sandnes	G
4338	Sandnes	1108	Sandnes	G
4339	Ålgård	1122	Gjesdal	P
4340	Bryne	1121	Time	G
4341	Bryne	1120	Klepp	G
4342	Undheim	1121	Time	G
4343	Orre	1120	Klepp	G
4344	Bryne	1121	Time	G
4345	Bryne	1121	Time	G
4346	Bryne	1121	Time	G
4347	Lye	1121	Time	G
4348	Lye	1121	Time	P
4349	Bryne	1121	Time	P
4350	Kleppe	1120	Klepp	G
4351	Kleppe	1120	Klepp	G
4352	Kleppe	1120	Klepp	G
4353	Klepp Stasjon	1120	Klepp	G
4354	Voll	1120	Klepp	G
4355	Kvernaland	1121	Time	G
4356	Kvernaland	1121	Time	P
4357	Klepp Stasjon	1120	Klepp	P
4358	Kleppe	1120	Klepp	P
4360	Varhaug	1119	Hå	G
4361	Sirevåg	1119	Hå	P
4362	Vigrestad	1119	Hå	G
4363	Brusand	1119	Hå	G
4364	Sirevåg	1119	Hå	G
4365	Nærbø	1119	Hå	G
4367	Nærbø	1119	Hå	P
4368	Varhaug	1119	Hå	P
4369	Vigrestad	1119	Hå	P
4370	Egersund	1101	Eigersund	G
4371	Egersund	1101	Eigersund	G
4372	Egersund	1101	Eigersund	G
4373	Egersund	1101	Eigersund	G
4374	Egersund	1101	Eigersund	G
4375	Hellvik	1101	Eigersund	G
4376	Helleland	1101	Eigersund	G
4378	Egersund	1101	Eigersund	P
4379	Egersund	1101	Eigersund	P
4380	Hauge i Dalane	1111	Sokndal	G
4381	Hauge i Dalane	1111	Sokndal	P
4384	Vikeså	1114	Bjerkreim	P
4385	Helleland	1101	Eigersund	P
4387	Bjerkreim	1114	Bjerkreim	G
4389	Vikeså	1114	Bjerkreim	G
4390	Oltedal	1122	Gjesdal	P
4391	Sandnes	1108	Sandnes	P
4392	Sandnes	1108	Sandnes	P
4393	Sandnes	1108	Sandnes	P
4394	Sandnes	1108	Sandnes	P
4395	Hommersåk	1108	Sandnes	P
4396	Sandnes	1108	Sandnes	P
4397	Sandnes	1108	Sandnes	P
4398	Sandnes	1108	Sandnes	P
4399	Sandnes	1108	Sandnes	P
4400	Flekkefjord	4207	Flekkefjord	G
4401	Flekkefjord	4207	Flekkefjord	P
4402	Flekkefjord	4207	Flekkefjord	P
4403	Flekkefjord	4207	Flekkefjord	P
4404	Flekkefjord	4207	Flekkefjord	G
4405	Flekkefjord	4207	Flekkefjord	G
4406	Flekkefjord	4207	Flekkefjord	G
4407	Flekkefjord	4207	Flekkefjord	G
4420	Åna-Sira	4207	Flekkefjord	G
4432	Hidrasund	4207	Flekkefjord	G
4434	Andabeløy	4207	Flekkefjord	G
4436	Gyland	4207	Flekkefjord	G
4438	Sira	4207	Flekkefjord	G
4439	Sira	4207	Flekkefjord	P
4440	Tonstad	4228	Sirdal	G
4441	Tonstad	4228	Sirdal	P
4443	Tjørhom	4228	Sirdal	G
4460	Moi	1112	Lund	G
4462	Hovsherad	1112	Lund	G
4463	Ualand	1112	Lund	G
4465	Moi	1112	Lund	P
4473	Kvinlog	4227	Kvinesdal	G
4480	Kvinesdal	4227	Kvinesdal	G
4484	Øyestranda	4227	Kvinesdal	G
4485	Feda	4227	Kvinesdal	G
4486	Feda	4227	Kvinesdal	P
4490	Kvinesdal	4227	Kvinesdal	P
4491	Kvinesdal	4227	Kvinesdal	P
4492	Kvinesdal	4227	Kvinesdal	P
4501	Mandal	4205	Lindesnes	P
4502	Mandal	4205	Lindesnes	P
4503	Mandal	4205	Lindesnes	P
4504	Mandal	4205	Lindesnes	P
4507	Mandal	4205	Lindesnes	P
4508	Mandal	4205	Lindesnes	P
4509	Mandal	4205	Lindesnes	P
4513	Mandal	4205	Lindesnes	G
4514	Mandal	4205	Lindesnes	G
4515	Mandal	4205	Lindesnes	G
4516	Mandal	4205	Lindesnes	G
4517	Mandal	4205	Lindesnes	G
4519	Holum	4205	Lindesnes	G
4520	Lindesnes	4205	Lindesnes	G
4521	Lindesnes	4205	Lindesnes	G
4522	Lindesnes	4205	Lindesnes	P
4523	Lindesnes	4205	Lindesnes	P
4524	Lindesnes	4205	Lindesnes	P
4525	Konsmo	4225	Lyngdal	G
4526	Konsmo	4225	Lyngdal	P
4528	Kollungtveit	4225	Lyngdal	G
4529	Byremo	4225	Lyngdal	G
4532	Øyslebø	4205	Lindesnes	G
4534	Marnardal	4205	Lindesnes	G
4535	Marnardal	4205	Lindesnes	P
4536	Bjelland	4205	Lindesnes	G
4540	Åseral	4224	Åseral	G
4541	Åseral	4224	Åseral	P
4544	Fossdal	4224	Åseral	G
4550	Farsund	4206	Farsund	G
4551	Farsund	4206	Farsund	P
4552	Farsund	4206	Farsund	P
4553	Farsund	4206	Farsund	P
4554	Farsund	4206	Farsund	P
4557	Vanse	4206	Farsund	P
4558	Vanse	4206	Farsund	P
4560	Vanse	4206	Farsund	G
4563	Borhaug	4206	Farsund	G
4575	Lyngdal	4225	Lyngdal	P
4576	Lyngdal	4225	Lyngdal	P
4577	Lyngdal	4225	Lyngdal	P
4579	Lyngdal	4225	Lyngdal	P
4580	Lyngdal	4225	Lyngdal	G
4586	Korshamn	4225	Lyngdal	G
4588	Kvås	4225	Lyngdal	G
4590	Snartemo	4226	Hægebostad	G
4595	Tingvatn	4226	Hægebostad	G
4596	Eiken	4226	Hægebostad	G
4597	Eiken	4226	Hægebostad	P
4604	Kristiansand S	4204	Kristiansand	P
4605	Kristiansand S	4204	Kristiansand	P
4606	Kristiansand S	4204	Kristiansand	P
4608	Kristiansand S	4204	Kristiansand	G
4609	Kardemomme By	4204	Kristiansand	G
4610	Kristiansand S	4204	Kristiansand	G
4611	Kristiansand S	4204	Kristiansand	G
4612	Kristiansand S	4204	Kristiansand	G
4613	Kristiansand S	4204	Kristiansand	G
4614	Kristiansand S	4204	Kristiansand	G
4615	Kristiansand S	4204	Kristiansand	G
4616	Kristiansand S	4204	Kristiansand	G
4617	Kristiansand S	4204	Kristiansand	G
4618	Kristiansand S	4204	Kristiansand	G
4619	Mosby	4204	Kristiansand	G
4620	Kristiansand S	4204	Kristiansand	G
4621	Kristiansand S	4204	Kristiansand	G
4622	Kristiansand S	4204	Kristiansand	G
4623	Kristiansand S	4204	Kristiansand	G
4624	Kristiansand S	4204	Kristiansand	G
4625	Flekkerøy	4204	Kristiansand	G
4626	Kristiansand S	4204	Kristiansand	G
4628	Kristiansand S	4204	Kristiansand	G
4629	Kristiansand S	4204	Kristiansand	G
4630	Kristiansand S	4204	Kristiansand	G
4631	Kristiansand S	4204	Kristiansand	G
4632	Kristiansand S	4204	Kristiansand	G
4633	Kristiansand S	4204	Kristiansand	G
4634	Kristiansand S	4204	Kristiansand	G
4635	Kristiansand S	4204	Kristiansand	G
4636	Kristiansand S	4204	Kristiansand	G
4637	Kristiansand S	4204	Kristiansand	G
4638	Kristiansand S	4204	Kristiansand	G
4639	Kristiansand S	4204	Kristiansand	G
4640	Søgne	4204	Kristiansand	G
4641	Søgne	4204	Kristiansand	G
4642	Søgne	4204	Kristiansand	G
4643	Søgne	4204	Kristiansand	G
4644	Søgne	4204	Kristiansand	G
4645	Nodeland	4204	Kristiansand	G
4646	Finsland	4204	Kristiansand	G
4647	Brennåsen	4204	Kristiansand	G
4649	Finsland	4204	Kristiansand	P
4656	Hamresanden	4204	Kristiansand	G
4657	Kjevik	4204	Kristiansand	G
4658	Tveit	4204	Kristiansand	G
4661	Kristiansand S	4204	Kristiansand	P
4662	Kristiansand S	4204	Kristiansand	P
4663	Kristiansand S	4204	Kristiansand	P
4664	Kristiansand S	4204	Kristiansand	P
4665	Kristiansand S	4204	Kristiansand	P
4666	Kristiansand S	4204	Kristiansand	P
4670	Kristiansand S	4204	Kristiansand	P
4671	Kristiansand S	4204	Kristiansand	P
4673	Kristiansand S	4204	Kristiansand	P
4674	Kristiansand S	4204	Kristiansand	P
4675	Kristiansand S	4204	Kristiansand	P
4676	Kristiansand S	4204	Kristiansand	P
4677	Kristiansand S	4204	Kristiansand	P
4678	Kristiansand S	4204	Kristiansand	P
4679	Flekkerøy	4204	Kristiansand	P
4681	Søgne	4204	Kristiansand	P
4682	Søgne	4204	Kristiansand	P
4683	Søgne	4204	Kristiansand	P
4684	Brennåsen	4204	Kristiansand	P
4685	Nodeland	4204	Kristiansand	P
4686	Kristiansand S	4204	Kristiansand	P
4687	Kristiansand S	4204	Kristiansand	P
4688	Kristiansand S	4204	Kristiansand	P
4689	Kristiansand S	4204	Kristiansand	P
4691	Kristiansand S	4204	Kristiansand	P
4693	Kristiansand S	4204	Kristiansand	P
4694	Kristiansand S	4204	Kristiansand	P
4695	Kristiansand S	4204	Kristiansand	P
4696	Kristiansand S	4204	Kristiansand	P
4697	Kristiansand S	4204	Kristiansand	P
4698	Kristiansand S	4204	Kristiansand	P
4699	Tveit	4204	Kristiansand	P
4700	Vennesla	4223	Vennesla	G
4701	Vennesla	4223	Vennesla	P
4702	Vennesla	4223	Vennesla	P
4703	Vennesla	4223	Vennesla	P
4705	Øvrebø	4223	Vennesla	P
4706	Vennesla	4223	Vennesla	G
4707	Vennesla	4223	Vennesla	G
4708	Vennesla	4223	Vennesla	G
4715	Øvrebø	4223	Vennesla	G
4720	Hægeland	4223	Vennesla	G
4721	Hægeland	4223	Vennesla	P
4724	Iveland	4218	Iveland	G
4725	Iveland	4218	Iveland	P
4730	Vatnestrøm	4218	Iveland	G
4733	Evje	4219	Evje og Hornnes	P
4734	Evje	4219	Evje og Hornnes	P
4735	Evje	4219	Evje og Hornnes	G
4737	Hornnes	4219	Evje og Hornnes	G
4741	Byglandsfjord	4220	Bygland	G
4742	Grendi	4220	Bygland	G
4744	Bygland	4220	Bygland	P
4745	Bygland	4220	Bygland	G
4746	Valle	4221	Valle	P
4747	Valle	4221	Valle	G
4748	Rysstad	4221	Valle	G
4749	Rysstad	4221	Valle	P
4754	Bykle	4222	Bykle	G
4755	Hovden i Setesdal	4222	Bykle	G
4756	Hovden i Setesdal	4222	Bykle	P
4760	Birkeland	4216	Birkenes	G
4766	Herefoss	4216	Birkenes	G
4768	Engesland	4216	Birkenes	G
4770	Høvåg	4215	Lillesand	G
4780	Brekkestø	4215	Lillesand	G
4790	Lillesand	4215	Lillesand	G
4791	Lillesand	4215	Lillesand	P
4792	Lillesand	4215	Lillesand	P
4793	Høvåg	4215	Lillesand	P
4794	Lillesand	4215	Lillesand	P
4795	Birkeland	4216	Birkenes	P
4801	Arendal	4203	Arendal	P
4802	Arendal	4203	Arendal	P
4803	Arendal	4203	Arendal	P
4804	Arendal	4203	Arendal	P
4808	Arendal	4203	Arendal	P
4809	Arendal	4203	Arendal	P
4810	Eydehavn	4203	Arendal	G
4812	Kongshavn	4203	Arendal	G
4815	Saltrød	4203	Arendal	G
4816	Kolbjørnsvik	4203	Arendal	G
4817	His	4203	Arendal	G
4818	Færvik	4203	Arendal	G
4820	Froland	4214	Froland	G
4821	Rykene	4203	Arendal	G
4822	Rykene	4203	Arendal	P
4823	Nedenes	4203	Arendal	G
4824	Bjorbekk	4203	Arendal	G
4825	Arendal	4203	Arendal	G
4827	Frolands Verk	4214	Froland	G
4828	Mjåvatn	4214	Froland	G
4830	Hynnekleiv	4214	Froland	G
4832	Mykland	4214	Froland	G
4834	Risdal	4214	Froland	G
4836	Arendal	4203	Arendal	G
4838	Arendal	4203	Arendal	G
4839	Arendal	4203	Arendal	G
4841	Arendal	4203	Arendal	G
4842	Arendal	4203	Arendal	G
4843	Arendal	4203	Arendal	G
4844	Arendal	4203	Arendal	G
4846	Arendal	4203	Arendal	G
4847	Arendal	4203	Arendal	G
4848	Arendal	4203	Arendal	G
4849	Arendal	4203	Arendal	G
4851	Saltrød	4203	Arendal	P
4852	Færvik	4203	Arendal	P
4853	His	4203	Arendal	P
4854	Nedenes	4203	Arendal	P
4855	Froland	4214	Froland	P
4856	Arendal	4203	Arendal	P
4857	Arendal	4203	Arendal	P
4858	Arendal	4203	Arendal	P
4859	Arendal	4203	Arendal	P
4862	Eydehavn	4203	Arendal	P
4863	Nelaug	4217	Åmli	G
4864	Åmli	4217	Åmli	P
4865	Åmli	4217	Åmli	G
4868	Selåsvatn	4217	Åmli	G
4869	Dølemo	4217	Åmli	G
4870	Fevik	4202	Grimstad	G
4876	Grimstad	4202	Grimstad	G
4877	Grimstad	4202	Grimstad	G
4878	Grimstad	4202	Grimstad	G
4879	Grimstad	4202	Grimstad	G
4884	Grimstad	4202	Grimstad	P
4885	Grimstad	4202	Grimstad	G
4886	Grimstad	4202	Grimstad	G
4887	Grimstad	4202	Grimstad	G
4888	Homborsund	4202	Grimstad	G
4889	Fevik	4202	Grimstad	P
4891	Grimstad	4202	Grimstad	P
4892	Grimstad	4202	Grimstad	P
4893	Grimstad	4202	Grimstad	P
4894	Grimstad	4202	Grimstad	P
4896	Grimstad	4202	Grimstad	P
4898	Grimstad	4202	Grimstad	P
4900	Tvedestrand	4213	Tvedestrand	G
4901	Tvedestrand	4213	Tvedestrand	P
4902	Tvedestrand	4213	Tvedestrand	P
4903	Tvedestrand	4213	Tvedestrand	G
4904	Tvedestrand	4213	Tvedestrand	G
4905	Tvedestrand	4213	Tvedestrand	G
4909	Songe	4213	Tvedestrand	G
4910	Lyngør	4213	Tvedestrand	B
4912	Gjeving	4213	Tvedestrand	G
4915	Vestre Sandøya	4213	Tvedestrand	G
4916	Borøy	4213	Tvedestrand	G
4920	Staubø	4203	Arendal	G
4921	Staubø	4203	Arendal	P
4934	Nes Verk	4213	Tvedestrand	G
4950	Risør	4201	Risør	G
4951	Risør	4201	Risør	P
4952	Risør	4201	Risør	P
4953	Risør	4201	Risør	P
4955	Risør	4201	Risør	P
4956	Risør	4201	Risør	G
4957	Risør	4201	Risør	G
4971	Sundebru	4211	Gjerstad	P
4972	Gjerstad	4211	Gjerstad	P
4973	Vegårshei	4212	Vegårshei	P
4974	Søndeled	4201	Risør	P
4980	Gjerstad	4211	Gjerstad	G
4985	Vegårshei	4212	Vegårshei	G
4990	Søndeled	4201	Risør	G
4993	Sundebru	4211	Gjerstad	G
4994	Akland	4201	Risør	G
5003	Bergen	4601	Bergen	G
5004	Bergen	4601	Bergen	G
5005	Bergen	4601	Bergen	G
5006	Bergen	4601	Bergen	G
5007	Bergen	4601	Bergen	G
5008	Bergen	4601	Bergen	G
5009	Bergen	4601	Bergen	G
5010	Bergen	4601	Bergen	G
5011	Bergen	4601	Bergen	G
5012	Bergen	4601	Bergen	G
5013	Bergen	4601	Bergen	G
5014	Bergen	4601	Bergen	G
5015	Bergen	4601	Bergen	G
5016	Bergen	4601	Bergen	G
5017	Bergen	4601	Bergen	G
5018	Bergen	4601	Bergen	G
5019	Bergen	4601	Bergen	G
5020	Bergen	4601	Bergen	P
5021	Bergen	4601	Bergen	B
5022	Bergen	4601	Bergen	G
5031	Bergen	4601	Bergen	G
5032	Bergen	4601	Bergen	G
5033	Bergen	4601	Bergen	G
5034	Bergen	4601	Bergen	G
5035	Bergen	4601	Bergen	G
5036	Bergen	4601	Bergen	G
5037	Bergen	4601	Bergen	G
5038	Bergen	4601	Bergen	G
5039	Bergen	4601	Bergen	G
5041	Bergen	4601	Bergen	G
5042	Bergen	4601	Bergen	G
5043	Bergen	4601	Bergen	G
5045	Bergen	4601	Bergen	B
5052	Bergen	4601	Bergen	G
5053	Bergen	4601	Bergen	G
5054	Bergen	4601	Bergen	G
5055	Bergen	4601	Bergen	G
5056	Bergen	4601	Bergen	G
5057	Bergen	4601	Bergen	G
5058	Bergen	4601	Bergen	G
5059	Bergen	4601	Bergen	G
5063	Bergen	4601	Bergen	G
5067	Bergen	4601	Bergen	G
5068	Bergen	4601	Bergen	G
5072	Bergen	4601	Bergen	G
5073	Bergen	4601	Bergen	G
5075	Bergen	4601	Bergen	G
5081	Bergen	4601	Bergen	G
5082	Bergen	4601	Bergen	G
5089	Bergen	4601	Bergen	G
5093	Bergen	4601	Bergen	G
5094	Bergen	4601	Bergen	G
5096	Bergen	4601	Bergen	G
5097	Bergen	4601	Bergen	G
5098	Bergen	4601	Bergen	G
5099	Bergen	4601	Bergen	G
5101	Eidsvågneset	4601	Bergen	G
5104	Eidsvåg i Åsane	4601	Bergen	G
5105	Eidsvåg i Åsane	4601	Bergen	G
5106	Øvre Ervik	4601	Bergen	G
5107	Salhus	4601	Bergen	G
5108	Hordvik	4601	Bergen	G
5109	Hylkje	4601	Bergen	G
5111	Breistein	4601	Bergen	G
5113	Tertnes	4601	Bergen	G
5114	Tertnes	4601	Bergen	G
5115	Ulset	4601	Bergen	G
5116	Ulset	4601	Bergen	G
5117	Ulset	4601	Bergen	G
5118	Ulset	4601	Bergen	G
5119	Ulset	4601	Bergen	G
5121	Ulset	4601	Bergen	G
5122	Morvik	4601	Bergen	G
5124	Morvik	4601	Bergen	G
5130	Nyborg	4601	Bergen	G
5131	Nyborg	4601	Bergen	G
5132	Nyborg	4601	Bergen	G
5134	Flaktveit	4601	Bergen	G
5135	Flaktveit	4601	Bergen	G
5136	Mjølkeråen	4601	Bergen	G
5137	Mjølkeråen	4601	Bergen	G
5141	Fyllingsdalen	4601	Bergen	G
5142	Fyllingsdalen	4601	Bergen	G
5143	Fyllingsdalen	4601	Bergen	G
5144	Fyllingsdalen	4601	Bergen	G
5145	Fyllingsdalen	4601	Bergen	G
5146	Fyllingsdalen	4601	Bergen	G
5147	Fyllingsdalen	4601	Bergen	G
5148	Fyllingsdalen	4601	Bergen	G
5151	Straumsgrend	4601	Bergen	G
5152	Bønes	4601	Bergen	G
5153	Bønes	4601	Bergen	G
5154	Bønes	4601	Bergen	G
5155	Bønes	4601	Bergen	G
5160	Laksevåg	4601	Bergen	G
5161	Laksevåg	4601	Bergen	G
5162	Laksevåg	4601	Bergen	G
5163	Laksevåg	4601	Bergen	G
5164	Laksevåg	4601	Bergen	G
5165	Laksevåg	4601	Bergen	G
5170	Bjørndalstræ	4601	Bergen	G
5171	Loddefjord	4601	Bergen	G
5172	Loddefjord	4601	Bergen	G
5173	Loddefjord	4601	Bergen	G
5174	Mathopen	4601	Bergen	G
5176	Loddefjord	4601	Bergen	G
5177	Bjørøyhamn	4626	Øygarden	G
5178	Loddefjord	4601	Bergen	G
5179	Godvik	4601	Bergen	G
5183	Olsvik	4601	Bergen	G
5184	Olsvik	4601	Bergen	G
5200	Os	4624	Bjørnafjorden	G
5201	Os	4624	Bjørnafjorden	P
5202	Os	4624	Bjørnafjorden	P
5203	Os	4624	Bjørnafjorden	P
5206	Os	4624	Bjørnafjorden	P
5207	Søfteland	4624	Bjørnafjorden	P
5208	Os	4624	Bjørnafjorden	G
5209	Os	4624	Bjørnafjorden	G
5210	Os	4624	Bjørnafjorden	G
5211	Os	4624	Bjørnafjorden	G
5212	Søfteland	4624	Bjørnafjorden	G
5215	Lysekloster	4624	Bjørnafjorden	G
5216	Lepsøy	4624	Bjørnafjorden	G
5217	Hagavik	4624	Bjørnafjorden	G
5218	Nordstrøno	4624	Bjørnafjorden	G
5221	Nesttun	4601	Bergen	G
5222	Nesttun	4601	Bergen	G
5223	Nesttun	4601	Bergen	G
5224	Nesttun	4601	Bergen	G
5225	Nesttun	4601	Bergen	G
5226	Nesttun	4601	Bergen	G
5227	Nesttun	4601	Bergen	G
5228	Nesttun	4601	Bergen	G
5229	Kalandseidet	4601	Bergen	G
5230	Paradis	4601	Bergen	G
5231	Paradis	4601	Bergen	G
5232	Paradis	4601	Bergen	G
5235	Rådal	4601	Bergen	G
5236	Rådal	4601	Bergen	G
5237	Rådal	4601	Bergen	G
5238	Rådal	4601	Bergen	G
5239	Rådal	4601	Bergen	G
5243	Fana	4601	Bergen	G
5244	Fana	4601	Bergen	G
5245	Fana	4601	Bergen	G
5251	Søreidgrend	4601	Bergen	G
5252	Søreidgrend	4601	Bergen	G
5253	Sandsli	4601	Bergen	G
5254	Sandsli	4601	Bergen	G
5257	Kokstad	4601	Bergen	G
5258	Blomsterdalen	4601	Bergen	G
5259	Hjellestad	4601	Bergen	G
5260	Indre Arna	4601	Bergen	G
5261	Indre Arna	4601	Bergen	G
5262	Arnatveit	4601	Bergen	G
5263	Trengereid	4601	Bergen	G
5264	Garnes	4601	Bergen	G
5265	Ytre Arna	4601	Bergen	G
5267	Espeland	4601	Bergen	G
5268	Haukeland	4601	Bergen	G
5281	Valestrandsfossen	4630	Osterøy	G
5282	Lonevåg	4630	Osterøy	G
5283	Fotlandsvåg	4630	Osterøy	G
5284	Tyssebotnen	4630	Osterøy	G
5285	Bruvik	4630	Osterøy	G
5286	Haus	4630	Osterøy	G
5291	Valestrandsfossen	4630	Osterøy	P
5293	Lonevåg	4630	Osterøy	P
5299	Haus	4630	Osterøy	P
5300	Kleppestø	4627	Askøy	G
5301	Kleppestø	4627	Askøy	G
5302	Strusshamn	4627	Askøy	G
5303	Follese	4627	Askøy	G
5304	Hetlevik	4627	Askøy	G
5305	Florvåg	4627	Askøy	G
5306	Erdal	4627	Askøy	G
5307	Ask	4627	Askøy	G
5308	Kleppestø	4627	Askøy	G
5309	Kleppestø	4627	Askøy	G
5310	Hauglandshella	4627	Askøy	G
5311	Kjerrgarden	4627	Askøy	P
5314	Kjerrgarden	4627	Askøy	G
5315	Herdla	4627	Askøy	G
5318	Strusshamn	4627	Askøy	P
5319	Kleppestø	4627	Askøy	P
5321	Kleppestø	4627	Askøy	P
5322	Kleppestø	4627	Askøy	P
5323	Kleppestø	4627	Askøy	P
5325	Follese	4627	Askøy	P
5326	Ask	4627	Askøy	P
5327	Hauglandshella	4627	Askøy	P
5329	Florvåg	4627	Askøy	P
5331	Rong	4626	Øygarden	P
5333	Tjeldstø	4626	Øygarden	P
5334	Hellesøy	4626	Øygarden	G
5335	Hernar	4626	Øygarden	G
5336	Tjeldstø	4626	Øygarden	G
5337	Rong	4626	Øygarden	G
5341	Straume	4626	Øygarden	P
5342	Straume	4626	Øygarden	P
5343	Straume	4626	Øygarden	P
5345	Knarrevik	4626	Øygarden	P
5346	Ågotnes	4626	Øygarden	P
5347	Ågotnes	4626	Øygarden	G
5350	Brattholmen	4626	Øygarden	G
5353	Straume	4626	Øygarden	G
5354	Straume	4626	Øygarden	G
5355	Knarrevik	4626	Øygarden	G
5357	Fjell	4626	Øygarden	G
5358	Fjell	4626	Øygarden	P
5360	Kolltveit	4626	Øygarden	G
5363	Ågotnes	4626	Øygarden	G
5365	Turøy	4626	Øygarden	G
5366	Misje	4626	Øygarden	G
5371	Skogsvåg	4626	Øygarden	P
5374	Steinsland	4626	Øygarden	P
5378	Klokkarvik	4626	Øygarden	G
5379	Steinsland	4626	Øygarden	G
5380	Telavåg	4626	Øygarden	G
5381	Glesvær	4626	Øygarden	G
5382	Skogsvåg	4626	Øygarden	G
5384	Torangsvåg	4625	Austevoll	G
5385	Bakkasund	4625	Austevoll	G
5387	Møkster	4625	Austevoll	B
5388	Litlakalsøy	4625	Austevoll	G
5392	Storebø	4625	Austevoll	G
5393	Storebø	4625	Austevoll	P
5394	Kolbeinsvik	4625	Austevoll	G
5396	Vestre Vinnesvåg	4625	Austevoll	G
5397	Bekkjarvik	4625	Austevoll	G
5398	Stolmen	4625	Austevoll	G
5399	Bekkjarvik	4625	Austevoll	P
5401	Stord	4614	Stord	P
5402	Stord	4614	Stord	P
5403	Stord	4614	Stord	P
5404	Stord	4614	Stord	P
5406	Stord	4614	Stord	P
5407	Stord	4614	Stord	P
5408	Sagvåg	4614	Stord	P
5409	Stord	4614	Stord	P
5410	Sagvåg	4614	Stord	G
5411	Stord	4614	Stord	G
5412	Stord	4614	Stord	G
5413	Huglo	4614	Stord	G
5414	Stord	4614	Stord	G
5415	Stord	4614	Stord	G
5416	Stord	4614	Stord	G
5417	Stord	4614	Stord	G
5418	Fitjar	4615	Fitjar	P
5419	Fitjar	4615	Fitjar	G
5420	Rubbestadneset	4613	Bømlo	G
5423	Brandasund	4613	Bømlo	G
5427	Urangsvåg	4613	Bømlo	G
5428	Foldrøyhamn	4613	Bømlo	G
5430	Bremnes	4613	Bømlo	G
5437	Finnås	4613	Bømlo	G
5440	Mosterhamn	4613	Bømlo	G
5443	Bømlo	4613	Bømlo	G
5444	Espevær	4613	Bømlo	B
5445	Bremnes	4613	Bømlo	P
5447	Mosterhamn	4613	Bømlo	P
5449	Bømlo	4613	Bømlo	P
5450	Sunde i Sunnhordland	4617	Kvinnherad	G
5451	Valen	4617	Kvinnherad	G
5452	Sandvoll	4617	Kvinnherad	G
5453	Utåker	4617	Kvinnherad	G
5454	Sæbøvik	4617	Kvinnherad	G
5455	Halsnøy Kloster	4617	Kvinnherad	G
5457	Høylandsbygd	4617	Kvinnherad	G
5458	Arnavik	4617	Kvinnherad	G
5459	Fjelberg	4617	Kvinnherad	G
5460	Husnes	4617	Kvinnherad	G
5462	Herøysundet	4617	Kvinnherad	G
5463	Uskedalen	4617	Kvinnherad	G
5464	Dimmelsvik	4617	Kvinnherad	G
5465	Uskedalen	4617	Kvinnherad	P
5470	Rosendal	4617	Kvinnherad	G
5472	Seimsfoss	4617	Kvinnherad	G
5473	Snilstveitøy	4617	Kvinnherad	G
5474	Løfallstrand	4617	Kvinnherad	G
5475	Ænes	4617	Kvinnherad	G
5476	Mauranger	4617	Kvinnherad	G
5480	Husnes	4617	Kvinnherad	P
5484	Sæbøvik	4617	Kvinnherad	P
5486	Rosendal	4617	Kvinnherad	P
5498	Matre	4617	Kvinnherad	G
5499	Åkra	4617	Kvinnherad	G
5501	Haugesund	1106	Haugesund	P
5502	Haugesund	1106	Haugesund	P
5503	Haugesund	1106	Haugesund	P
5504	Haugesund	1106	Haugesund	P
5505	Haugesund	1106	Haugesund	P
5506	Haugesund	1106	Haugesund	P
5507	Haugesund	1106	Haugesund	P
5508	Karmsund	1149	Karmøy	P
5509	Haugesund	1106	Haugesund	P
5511	Haugesund	1106	Haugesund	P
5512	Haugesund	1106	Haugesund	P
5514	Haugesund	1106	Haugesund	G
5515	Haugesund	1106	Haugesund	G
5516	Haugesund	1106	Haugesund	G
5517	Haugesund	1106	Haugesund	G
5518	Haugesund	1106	Haugesund	G
5519	Haugesund	1106	Haugesund	G
5521	Haugesund	1106	Haugesund	G
5522	Haugesund	1106	Haugesund	G
5523	Haugesund	1106	Haugesund	G
5525	Haugesund	1106	Haugesund	G
5527	Haugesund	1106	Haugesund	G
5528	Haugesund	1106	Haugesund	G
5529	Haugesund	1106	Haugesund	G
5531	Haugesund	1106	Haugesund	G
5532	Haugesund	1106	Haugesund	G
5533	Haugesund	1106	Haugesund	G
5534	Haugesund	1106	Haugesund	G
5535	Haugesund	1106	Haugesund	G
5536	Haugesund	1106	Haugesund	G
5537	Haugesund	1106	Haugesund	G
5538	Haugesund	1106	Haugesund	G
5541	Kolnes	1149	Karmøy	G
5542	Karmsund	1149	Karmøy	G
5544	Vormedal	1149	Karmøy	P
5545	Vormedal	1149	Karmøy	G
5546	Røyksund	1149	Karmøy	G
5547	Utsira	1151	Utsira	B
5548	Feøy	1149	Karmøy	B
5549	Røvær	1106	Haugesund	B
5550	Sveio	4612	Sveio	G
5551	Auklandshamn	4612	Sveio	G
5554	Valevåg	4612	Sveio	G
5555	Førde i Hordaland	4612	Sveio	G
5556	Førde i Hordaland	4612	Sveio	P
5559	Sveio	4612	Sveio	P
5560	Nedstrand	1146	Tysvær	G
5561	Bokn	1145	Bokn	G
5562	Nedstrand	1146	Tysvær	P
5563	Førresfjorden	1146	Tysvær	G
5565	Tysværvåg	1146	Tysvær	G
5566	Hervik	1146	Tysvær	G
5567	Skjoldastraumen	1146	Tysvær	G
5568	Vikebygd	1160	Vindafjord	G
5569	Bokn	1145	Bokn	P
5570	Aksdal	1146	Tysvær	G
5574	Skjold	1160	Vindafjord	G
5575	Aksdal	1146	Tysvær	P
5576	Øvre Vats	1160	Vindafjord	G
5578	Nedre Vats	1160	Vindafjord	G
5580	Ølen	1160	Vindafjord	G
5582	Ølensvåg	1160	Vindafjord	G
5583	Vikedal	1160	Vindafjord	G
5584	Bjoa	1160	Vindafjord	G
5585	Sandeid	1160	Vindafjord	G
5586	Vikedal	1160	Vindafjord	P
5588	Ølen	1160	Vindafjord	P
5589	Sandeid	1160	Vindafjord	P
5590	Etne	4611	Etne	G
5591	Etne	4611	Etne	P
5593	Skånevik	4611	Etne	G
5594	Skånevik	4611	Etne	P
5595	Førresfjorden	1146	Tysvær	P
5596	Markhus	4611	Etne	G
5598	Fjæra	4611	Etne	G
5600	Norheimsund	4622	Kvam	G
5601	Norheimsund	4622	Kvam	P
5602	Norheimsund	4622	Kvam	P
5604	Øystese	4622	Kvam	P
5605	Ålvik	4622	Kvam	P
5610	Øystese	4622	Kvam	G
5612	Steinstø	4622	Kvam	G
5614	Ålvik	4622	Kvam	G
5620	Tørvikbygd	4622	Kvam	G
5626	Kysnesstrand	4618	Ullensvang	G
5627	Jondal	4618	Ullensvang	G
5628	Herand	4618	Ullensvang	G
5629	Jondal	4618	Ullensvang	P
5630	Strandebarm	4622	Kvam	G
5631	Strandebarm	4622	Kvam	P
5632	Omastrand	4622	Kvam	G
5633	Omastrand	4622	Kvam	P
5635	Hatlestrand	4617	Kvinnherad	G
5636	Varaldsøy	4617	Kvinnherad	G
5637	Ølve	4617	Kvinnherad	G
5640	Eikelandsosen	4624	Bjørnafjorden	G
5641	Fusa	4624	Bjørnafjorden	G
5642	Holmefjord	4624	Bjørnafjorden	G
5643	Strandvik	4624	Bjørnafjorden	G
5644	Sævareid	4624	Bjørnafjorden	P
5645	Sævareid	4624	Bjørnafjorden	G
5646	Nordtveitgrend	4624	Bjørnafjorden	G
5647	Baldersheim	4624	Bjørnafjorden	G
5648	Fusa	4624	Bjørnafjorden	P
5649	Eikelandsosen	4624	Bjørnafjorden	P
5650	Tysse	4623	Samnanger	G
5651	Tysse	4623	Samnanger	P
5652	Årland	4623	Samnanger	G
5653	Årland	4623	Samnanger	P
5680	Tysnes	4616	Tysnes	G
5683	Reksteren	4616	Tysnes	G
5685	Uggdal	4616	Tysnes	G
5687	Flatråker	4616	Tysnes	G
5690	Lundegrend	4616	Tysnes	G
5693	Årbakka	4616	Tysnes	G
5694	Onarheim	4616	Tysnes	G
5695	Uggdal	4616	Tysnes	P
5696	Tysnes	4616	Tysnes	P
5700	Voss	4621	Voss	G
5701	Voss	4621	Voss	P
5702	Voss	4621	Voss	P
5703	Voss	4621	Voss	P
5704	Voss	4621	Voss	G
5705	Voss	4621	Voss	G
5706	Voss	4621	Voss	G
5707	Evanger	4621	Voss	G
5708	Voss	4621	Voss	G
5709	Voss	4621	Voss	G
5710	Skulestadmo	4621	Voss	G
5711	Skulestadmo	4621	Voss	P
5712	Vossestrand	4621	Voss	P
5713	Vossestrand	4621	Voss	G
5714	Voss	4621	Voss	P
5715	Stalheim	4621	Voss	G
5718	Myrdal	4641	Aurland	G
5719	Finse	4620	Ulvik	B
5720	Stanghelle	4628	Vaksdal	P
5721	Dalekvam	4628	Vaksdal	P
5722	Dalekvam	4628	Vaksdal	G
5723	Bolstadøyri	4621	Voss	G
5724	Stanghelle	4628	Vaksdal	G
5725	Vaksdal	4628	Vaksdal	G
5726	Vaksdal	4628	Vaksdal	P
5727	Stamnes	4628	Vaksdal	G
5728	Eidslandet	4628	Vaksdal	G
5729	Modalen	4629	Modalen	G
5730	Ulvik	4620	Ulvik	G
5731	Ulvik	4620	Ulvik	P
5732	Modalen	4629	Modalen	P
5733	Granvin	4621	Voss	P
5734	Vallavik	4621	Voss	G
5736	Granvin	4621	Voss	G
5741	Aurland	4641	Aurland	P
5742	Flåm	4641	Aurland	P
5743	Flåm	4641	Aurland	G
5745	Aurland	4641	Aurland	G
5746	Undredal	4641	Aurland	B
5747	Gudvangen	4641	Aurland	G
5749	Gudvangen	4641	Aurland	P
5750	Odda	4618	Ullensvang	G
5751	Odda	4618	Ullensvang	P
5752	Odda	4618	Ullensvang	P
5760	Røldal	4618	Ullensvang	G
5763	Skare	4618	Ullensvang	G
5770	Tyssedal	4618	Ullensvang	G
5773	Hovland	4618	Ullensvang	G
5775	Nå	4618	Ullensvang	P
5776	Nå	4618	Ullensvang	G
5777	Grimo	4618	Ullensvang	G
5778	Utne	4618	Ullensvang	G
5779	Utne	4618	Ullensvang	P
5780	Kinsarvik	4618	Ullensvang	G
5781	Lofthus	4618	Ullensvang	G
5782	Kinsarvik	4618	Ullensvang	P
5783	Eidfjord	4619	Eidfjord	G
5784	Øvre Eidfjord	4619	Eidfjord	G
5785	Vøringsfoss	4619	Eidfjord	G
5786	Eidfjord	4619	Eidfjord	P
5787	Lofthus	4618	Ullensvang	P
5788	Kinsarvik	4618	Ullensvang	P
5802	Bergen	4601	Bergen	P
5803	Bergen	4601	Bergen	P
5804	Bergen	4601	Bergen	P
5805	Bergen	4601	Bergen	P
5806	Bergen	4601	Bergen	P
5807	Bergen	4601	Bergen	P
5808	Bergen	4601	Bergen	P
5809	Bergen	4601	Bergen	P
5810	Bergen	4601	Bergen	P
5811	Bergen	4601	Bergen	P
5812	Bergen	4601	Bergen	P
5813	Bergen	4601	Bergen	P
5814	Bergen	4601	Bergen	P
5815	Bergen	4601	Bergen	P
5816	Bergen	4601	Bergen	P
5817	Bergen	4601	Bergen	P
5818	Bergen	4601	Bergen	P
5819	Bergen	4601	Bergen	P
5820	Bergen	4601	Bergen	P
5821	Bergen	4601	Bergen	P
5822	Bergen	4601	Bergen	P
5823	Bergen	4601	Bergen	P
5824	Bergen	4601	Bergen	P
5825	Bergen	4601	Bergen	P
5826	Bergen	4601	Bergen	P
5827	Bergen	4601	Bergen	P
5829	Bergen	4601	Bergen	P
5830	Bergen	4601	Bergen	P
5831	Bergen	4601	Bergen	P
5832	Bergen	4601	Bergen	P
5833	Bergen	4601	Bergen	P
5834	Bergen	4601	Bergen	P
5835	Bergen	4601	Bergen	P
5836	Bergen	4601	Bergen	P
5837	Bergen	4601	Bergen	P
5838	Bergen	4601	Bergen	P
5841	Bergen	4601	Bergen	P
5843	Bergen	4601	Bergen	P
5844	Bergen	4601	Bergen	P
5845	Bergen	4601	Bergen	P
5847	Bergen	4601	Bergen	P
5848	Bergen	4601	Bergen	P
5849	Bergen	4601	Bergen	P
5851	Bergen	4601	Bergen	P
5852	Bergen	4601	Bergen	P
5853	Bergen	4601	Bergen	P
5854	Bergen	4601	Bergen	P
5855	Bergen	4601	Bergen	P
5857	Bergen	4601	Bergen	P
5858	Bergen	4601	Bergen	P
5859	Bergen	4601	Bergen	P
5861	Bergen	4601	Bergen	P
5862	Bergen	4601	Bergen	P
5863	Bergen	4601	Bergen	P
5864	Bergen	4601	Bergen	P
5865	Bergen	4601	Bergen	P
5866	Bergen	4601	Bergen	P
5867	Bergen	4601	Bergen	P
5868	Bergen	4601	Bergen	P
5872	Bergen	4601	Bergen	P
5873	Bergen	4601	Bergen	P
5876	Bergen	4601	Bergen	P
5877	Bergen	4601	Bergen	P
5878	Bergen	4601	Bergen	P
5879	Bergen	4601	Bergen	P
5881	Bergen	4601	Bergen	P
5884	Bergen	4601	Bergen	P
5886	Bergen	4601	Bergen	P
5887	Bergen	4601	Bergen	P
5888	Bergen	4601	Bergen	P
5889	Bergen	4601	Bergen	P
5892	Bergen	4601	Bergen	P
5893	Bergen	4601	Bergen	P
5895	Bergen	4601	Bergen	P
5896	Bergen	4601	Bergen	P
5899	Bergen	4601	Bergen	P
5902	Isdalstø	4631	Alver	P
5903	Isdalstø	4631	Alver	P
5904	Isdalstø	4631	Alver	P
5906	Frekhaug	4631	Alver	P
5907	Alversund	4631	Alver	P
5908	Isdalstø	4631	Alver	P
5911	Alversund	4631	Alver	G
5912	Seim	4631	Alver	G
5913	Eikangervåg	4631	Alver	G
5914	Isdalstø	4631	Alver	G
5915	Hjelmås	4631	Alver	G
5916	Isdalstø	4631	Alver	G
5917	Rossland	4631	Alver	G
5918	Frekhaug	4631	Alver	G
5919	Frekhaug	4631	Alver	G
5931	Manger	4631	Alver	P
5935	Bøvågen	4631	Alver	P
5936	Manger	4631	Alver	G
5937	Bøvågen	4631	Alver	G
5938	Sæbøvågen	4631	Alver	G
5939	Sletta	4631	Alver	G
5941	Austrheim	4632	Austrheim	P
5943	Austrheim	4632	Austrheim	G
5947	Fedje	4633	Fedje	G
5948	Fedje	4633	Fedje	P
5951	Lindås	4631	Alver	P
5952	Fonnes	4632	Austrheim	P
5953	Fonnes	4632	Austrheim	G
5954	Mongstad	4631	Alver	G
5955	Lindås	4631	Alver	G
5956	Hundvin	4631	Alver	G
5957	Myking	4631	Alver	G
5960	Dalsøyra	4635	Gulen	G
5961	Brekke	4635	Gulen	G
5962	Bjordal	4638	Høyanger	G
5963	Dalsøyra	4635	Gulen	P
5964	Brekke	4635	Gulen	P
5965	Bjordal	4638	Høyanger	P
5966	Eivindvik	4635	Gulen	G
5967	Eivindvik	4635	Gulen	P
5970	Byrknesøy	4635	Gulen	G
5977	Ånneland	4635	Gulen	G
5978	Mjømna	4635	Gulen	G
5979	Byrknesøy	4635	Gulen	P
5981	Masfjordnes	4634	Masfjorden	G
5983	Haugsvær	4634	Masfjorden	G
5984	Matredal	4634	Masfjorden	G
5985	Haugsvær	4634	Masfjorden	P
5986	Hosteland	4634	Masfjorden	G
5987	Hosteland	4634	Masfjorden	P
5991	Ostereidet	4631	Alver	P
5993	Ostereidet	4631	Alver	G
5994	Vikanes	4631	Alver	G
6001	Ålesund	1508	Ålesund	P
6002	Ålesund	1508	Ålesund	G
6003	Ålesund	1508	Ålesund	G
6004	Ålesund	1508	Ålesund	G
6005	Ålesund	1508	Ålesund	G
6006	Ålesund	1508	Ålesund	G
6007	Ålesund	1508	Ålesund	G
6008	Ålesund	1508	Ålesund	G
6009	Ålesund	1508	Ålesund	G
6010	Ålesund	1508	Ålesund	G
6011	Ålesund	1508	Ålesund	G
6012	Ålesund	1508	Ålesund	G
6013	Ålesund	1508	Ålesund	G
6014	Ålesund	1508	Ålesund	G
6015	Ålesund	1508	Ålesund	G
6016	Ålesund	1508	Ålesund	G
6017	Ålesund	1508	Ålesund	G
6018	Ålesund	1508	Ålesund	G
6019	Ålesund	1508	Ålesund	G
6020	Ålesund	1508	Ålesund	G
6021	Ålesund	1508	Ålesund	P
6022	Ålesund	1508	Ålesund	P
6023	Ålesund	1508	Ålesund	P
6024	Ålesund	1508	Ålesund	P
6025	Ålesund	1508	Ålesund	P
6026	Ålesund	1508	Ålesund	P
6028	Ålesund	1508	Ålesund	P
6030	Langevåg	1531	Sula	G
6034	Eidsnes	1531	Sula	P
6035	Fiskarstrand	1531	Sula	G
6036	Mauseidvåg	1531	Sula	G
6037	Eidsnes	1531	Sula	G
6039	Langevåg	1531	Sula	P
6040	Vigra	1532	Giske	G
6044	Ålesund	1508	Ålesund	P
6045	Ålesund	1508	Ålesund	P
6046	Ålesund	1508	Ålesund	P
6047	Ålesund	1508	Ålesund	P
6048	Ålesund	1508	Ålesund	P
6050	Valderøya	1532	Giske	G
6052	Giske	1532	Giske	G
6054	Godøya	1532	Giske	P
6055	Godøya	1532	Giske	G
6057	Ellingsøy	1508	Ålesund	G
6058	Valderøya	1532	Giske	P
6059	Vigra	1532	Giske	P
6060	Hareid	1517	Hareid	G
6062	Brandal	1517	Hareid	G
6063	Hjørungavåg	1517	Hareid	G
6064	Haddal	1516	Ulstein	G
6065	Ulsteinvik	1516	Ulstein	G
6067	Ulsteinvik	1516	Ulstein	P
6068	Eiksund	1516	Ulstein	G
6069	Hareid	1517	Hareid	P
6070	Tjørvåg	1515	Herøy (møre og Romsdal)	G
6075	Moltustranda	1515	Herøy (møre og Romsdal)	P
6076	Moltustranda	1515	Herøy (møre og Romsdal)	G
6078	Gjerdsvika	1514	Sande	P
6080	Gurskøy	1515	Herøy (møre og Romsdal)	G
6082	Gursken	1514	Sande	G
6083	Gjerdsvika	1514	Sande	G
6084	Larsnes	1514	Sande	G
6085	Larsnes	1514	Sande	P
6086	Kvamsøy	1514	Sande	P
6087	Kvamsøy	1514	Sande	G
6088	Sandshamn	1514	Sande	P
6089	Sandshamn	1514	Sande	G
6090	Fosnavåg	1515	Herøy (møre og Romsdal)	G
6091	Fosnavåg	1515	Herøy (møre og Romsdal)	G
6092	Fosnavåg	1515	Herøy (møre og Romsdal)	G
6094	Leinøy	1515	Herøy (møre og Romsdal)	G
6095	Bølandet	1515	Herøy (møre og Romsdal)	G
6096	Runde	1515	Herøy (møre og Romsdal)	G
6098	Nerlandsøy	1515	Herøy (møre og Romsdal)	G
6099	Fosnavåg	1515	Herøy (møre og Romsdal)	P
6100	Volda	1577	Volda	G
6101	Volda	1577	Volda	P
6102	Volda	1577	Volda	G
6103	Volda	1577	Volda	G
6104	Volda	1577	Volda	G
6105	Volda	1577	Volda	G
6106	Volda	1577	Volda	G
6110	Austefjorden	1577	Volda	G
6120	Folkestad	1577	Volda	G
6121	Folkestad	1577	Volda	P
6133	Lauvstad	1577	Volda	G
6138	Syvde	1511	Vanylven	P
6139	Fiskå	1511	Vanylven	P
6140	Syvde	1511	Vanylven	G
6141	Rovde	1511	Vanylven	G
6142	Eidså	1511	Vanylven	G
6143	Fiskå	1511	Vanylven	G
6144	Sylte	1511	Vanylven	G
6146	Åheim	1511	Vanylven	G
6147	Åheim	1511	Vanylven	P
6149	Åram	1511	Vanylven	G
6150	Ørsta	1520	Ørsta	G
6151	Ørsta	1520	Ørsta	P
6152	Ørsta	1520	Ørsta	G
6153	Ørsta	1520	Ørsta	G
6154	Ørsta	1520	Ørsta	G
6155	Ørsta	1520	Ørsta	G
6156	Ørsta	1520	Ørsta	G
6160	Hovdebygda	1520	Ørsta	G
6161	Hovdebygda	1520	Ørsta	P
6165	Sæbø	1520	Ørsta	G
6166	Sæbø	1520	Ørsta	P
6170	Vartdal	1520	Ørsta	G
6171	Vartdal	1520	Ørsta	P
6174	Barstadvik	1520	Ørsta	G
6183	Trandal	1520	Ørsta	G
6184	Storestandal	1520	Ørsta	G
6190	Bjørke	1577	Volda	G
6196	Norangsfjorden	1520	Ørsta	G
6200	Stranda	1525	Stranda	G
6201	Stranda	1525	Stranda	P
6210	Valldal	1578	Fjord	G
6211	Valldal	1578	Fjord	P
6212	Liabygda	1525	Stranda	G
6213	Tafjord	1578	Fjord	G
6214	Norddal	1578	Fjord	G
6215	Eidsdal	1578	Fjord	G
6216	Geiranger	1525	Stranda	G
6217	Geiranger	1525	Stranda	P
6218	Hellesylt	1525	Stranda	G
6219	Hellesylt	1525	Stranda	P
6220	Straumgjerde	1528	Sykkylven	G
6222	Ikornnes	1528	Sykkylven	G
6223	Ikornnes	1528	Sykkylven	P
6224	Hundeidvik	1528	Sykkylven	G
6230	Sykkylven	1528	Sykkylven	G
6238	Straumgjerde	1528	Sykkylven	P
6239	Sykkylven	1528	Sykkylven	P
6240	Ørskog	1508	Ålesund	G
6249	Ørskog	1508	Ålesund	P
6250	Stordal	1578	Fjord	G
6255	Eidsdal	1578	Fjord	P
6259	Stordal	1578	Fjord	P
6260	Skodje	1508	Ålesund	G
6263	Skodje	1508	Ålesund	P
6264	Tennfjord	1580	Haram	G
6265	Vatne	1580	Haram	G
6270	Brattvåg	1580	Haram	G
6272	Hildre	1580	Haram	G
6280	Søvik	1580	Haram	G
6281	Søvik	1580	Haram	P
6282	Brattvåg	1580	Haram	P
6283	Vatne	1580	Haram	P
6285	Storekalvøy	1580	Haram	G
6286	Orten	1547	Aukra	B
6287	Harøy	1508	Ålesund	P
6290	Haramsøy	1580	Haram	G
6291	Haramsøy	1580	Haram	P
6292	Kjerstad	1580	Haram	G
6293	Longva	1580	Haram	G
6294	Fjørtoft	1580	Haram	G
6295	Myklebust	1508	Ålesund	G
6296	Harøy	1508	Ålesund	G
6297	Sandøy	1508	Ålesund	B
6298	Ona	1508	Ålesund	G
6300	Åndalsnes	1539	Rauma	G
6301	Åndalsnes	1539	Rauma	P
6310	Veblungsnes	1539	Rauma	G
6315	Innfjorden	1539	Rauma	G
6320	Isfjorden	1539	Rauma	G
6330	Verma	1539	Rauma	G
6339	Isfjorden	1539	Rauma	P
6350	Eidsbygda	1539	Rauma	G
6360	Åfarnes	1539	Rauma	G
6361	Åfarnes	1539	Rauma	P
6363	Mittet	1539	Rauma	G
6364	Vistdal	1506	Molde	G
6365	Vistdal	1506	Molde	P
6385	Måndalen	1539	Rauma	P
6386	Måndalen	1539	Rauma	G
6387	Vågstranda	1535	Vestnes	G
6388	Vågstranda	1535	Vestnes	P
6389	Fiksdal	1535	Vestnes	P
6390	Vestnes	1535	Vestnes	G
6391	Tresfjord	1535	Vestnes	G
6392	Vikebukt	1535	Vestnes	G
6393	Tomrefjord	1535	Vestnes	G
6394	Fiksdal	1535	Vestnes	G
6395	Rekdal	1535	Vestnes	G
6396	Vikebukt	1535	Vestnes	P
6397	Tresfjord	1535	Vestnes	P
6398	Tomrefjord	1535	Vestnes	P
6399	Vestnes	1535	Vestnes	P
6401	Molde	1506	Molde	P
6402	Molde	1506	Molde	P
6403	Molde	1506	Molde	P
6404	Molde	1506	Molde	P
6405	Molde	1506	Molde	P
6407	Molde	1506	Molde	P
6408	Aureosen	1579	Hustadvika	G
6409	Molde	1547	Aukra	G
6410	Molde	1506	Molde	G
6411	Molde	1506	Molde	G
6412	Molde	1506	Molde	G
6413	Molde	1506	Molde	G
6414	Molde	1506	Molde	G
6415	Molde	1506	Molde	G
6416	Molde	1506	Molde	G
6418	Sekken	1506	Molde	G
6419	Molde	1506	Molde	G
6420	Molde	1506	Molde	G
6421	Molde	1506	Molde	G
6422	Molde	1506	Molde	G
6423	Molde	1506	Molde	G
6425	Molde	1506	Molde	G
6429	Molde	1506	Molde	G
6430	Bud	1579	Hustadvika	G
6431	Bud	1579	Hustadvika	P
6433	Hustad	1579	Hustadvika	G
6434	Molde	1506	Molde	P
6436	Molde	1506	Molde	P
6440	Elnesvågen	1579	Hustadvika	G
6443	Tornes i Romsdal	1579	Hustadvika	G
6444	Farstad	1579	Hustadvika	G
6445	Malmefjorden	1579	Hustadvika	G
6446	Farstad	1579	Hustadvika	P
6447	Elnesvågen	1579	Hustadvika	P
6450	Hjelset	1506	Molde	G
6452	Kleive	1506	Molde	P
6453	Kleive	1506	Molde	G
6454	Hjelset	1506	Molde	P
6455	Kortgarden	1506	Molde	G
6456	Skåla	1506	Molde	G
6457	Bolsøya	1506	Molde	G
6458	Skåla	1506	Molde	P
6460	Eidsvåg i Romsdal	1506	Molde	G
6461	Eidsvåg i Romsdal	1506	Molde	P
6462	Raudsand	1506	Molde	G
6470	Eresfjord	1506	Molde	G
6471	Eresfjord	1506	Molde	P
6472	Eikesdal	1506	Molde	G
6475	Midsund	1506	Molde	G
6476	Midsund	1506	Molde	P
6480	Aukra	1547	Aukra	G
6481	Aukra	1547	Aukra	P
6490	Eide	1579	Hustadvika	G
6493	Lyngstad	1579	Hustadvika	G
6494	Vevang	1579	Hustadvika	G
6499	Eide	1579	Hustadvika	P
6501	Kristiansund N	1505	Kristiansund	P
6502	Kristiansund N	1505	Kristiansund	P
6503	Kristiansund N	1505	Kristiansund	P
6504	Kristiansund N	1505	Kristiansund	P
6507	Kristiansund N	1505	Kristiansund	G
6508	Kristiansund N	1505	Kristiansund	G
6509	Kristiansund N	1505	Kristiansund	G
6510	Kristiansund N	1505	Kristiansund	G
6511	Kristiansund N	1505	Kristiansund	G
6512	Kristiansund N	1505	Kristiansund	G
6514	Kristiansund N	1505	Kristiansund	G
6515	Kristiansund N	1505	Kristiansund	G
6516	Kristiansund N	1505	Kristiansund	G
6517	Kristiansund N	1505	Kristiansund	G
6518	Kristiansund N	1505	Kristiansund	G
6520	Frei	1505	Kristiansund	G
6521	Frei	1505	Kristiansund	G
6522	Frei	1505	Kristiansund	G
6523	Frei	1505	Kristiansund	G
6524	Frei	1505	Kristiansund	G
6525	Frei	1505	Kristiansund	G
6527	Frei	1505	Kristiansund	P
6528	Frei	1505	Kristiansund	P
6529	Frei	1505	Kristiansund	P
6530	Averøy	1554	Averøy	G
6531	Averøy	1554	Averøy	G
6532	Averøy	1554	Averøy	G
6533	Averøy	1554	Averøy	G
6538	Averøy	1554	Averøy	P
6539	Averøy	1554	Averøy	P
6546	Kristiansund N	1505	Kristiansund	P
6547	Kristiansund N	1505	Kristiansund	P
6548	Kristiansund N	1505	Kristiansund	P
6570	Smøla	1573	Smøla	G
6571	Smøla	1573	Smøla	P
6590	Tustna	1576	Aure	G
6591	Tustna	1576	Aure	P
6600	Sunndalsøra	1563	Sunndal	G
6601	Sunndalsøra	1563	Sunndal	P
6610	Øksendal	1563	Sunndal	G
6611	Furugrenda	1563	Sunndal	G
6612	Grøa	1563	Sunndal	G
6613	Gjøra	1563	Sunndal	G
6614	Gjøra	1563	Sunndal	P
6620	Ålvundeid	1563	Sunndal	G
6622	Ålvundfjord	1563	Sunndal	G
6627	Tingvoll	1560	Tingvoll	P
6628	Meisingset	1560	Tingvoll	G
6629	Torjulvågen	1560	Tingvoll	G
6630	Tingvoll	1560	Tingvoll	G
6631	Batnfjordsøra	1557	Gjemnes	G
6632	Batnfjordsøra	1557	Gjemnes	P
6633	Gjemnes	1557	Gjemnes	G
6636	Angvik	1557	Gjemnes	G
6637	Flemma	1557	Gjemnes	G
6638	Osmarka	1557	Gjemnes	G
6639	Torvikbukt	1557	Gjemnes	G
6640	Kvanne	1566	Surnadal	G
6641	Torvikbukt	1557	Gjemnes	P
6642	Stangvik	1566	Surnadal	G
6643	Bøfjorden	1566	Surnadal	G
6644	Bæverfjord	1566	Surnadal	G
6645	Todalen	1566	Surnadal	G
6650	Surnadal	1566	Surnadal	G
6652	Surnadal	1566	Surnadal	G
6653	Øvre Surnadal	1566	Surnadal	G
6655	Vindøla	1566	Surnadal	G
6656	Surnadal	1566	Surnadal	P
6657	Rindal	5061	Rindal	G
6658	Rindalsskogen	5061	Rindal	G
6659	Rindal	5061	Rindal	P
6670	Øydegard	1560	Tingvoll	G
6671	Øydegard	1560	Tingvoll	P
6674	Kvisvik	1560	Tingvoll	G
6675	Kvisvik	1560	Tingvoll	P
6680	Halsanaustan	5055	Heim	G
6683	Vågland	5055	Heim	G
6686	Valsøybotn	5055	Heim	G
6687	Valsøyfjord	5055	Heim	G
6688	Vågland	5055	Heim	P
6689	Aure	1576	Aure	P
6690	Aure	1576	Aure	G
6693	Mjosundet	1576	Aure	G
6694	Foldfjorden	1576	Aure	G
6697	Vihals	1576	Aure	G
6698	Lesund	1576	Aure	G
6699	Kjørsvikbugen	1576	Aure	G
6700	Måløy	4602	Kinn	G
6701	Måløy	4602	Kinn	P
6702	Måløy	4602	Kinn	P
6704	Deknepollen	4602	Kinn	P
6707	Raudeberg	4602	Kinn	P
6708	Bryggja	4649	Stad	P
6710	Raudeberg	4602	Kinn	G
6711	Bryggja	4649	Stad	G
6713	Almenningen	4602	Kinn	G
6714	Silda	4602	Kinn	G
6715	Barmen	4649	Stad	G
6716	Husevåg	4602	Kinn	G
6717	Flatraket	4649	Stad	G
6718	Deknepollen	4602	Kinn	G
6719	Skatestraumen	4648	Bremanger	G
6721	Svelgen	4648	Bremanger	P
6723	Svelgen	4648	Bremanger	G
6726	Bremanger	4648	Bremanger	P
6727	Bremanger	4648	Bremanger	G
6728	Kalvåg	4648	Bremanger	P
6729	Kalvåg	4648	Bremanger	G
6730	Davik	4648	Bremanger	G
6734	Rugsund	4648	Bremanger	G
6737	Ålfoten	4648	Bremanger	G
6740	Selje	4649	Stad	G
6741	Selje	4649	Stad	P
6750	Stadlandet	4649	Stad	G
6751	Stadlandet	4649	Stad	P
6761	Hornindal	1577	Volda	P
6763	Hornindal	1577	Volda	G
6770	Nordfjordeid	4649	Stad	G
6771	Nordfjordeid	4649	Stad	P
6772	Nordfjordeid	4649	Stad	P
6773	Nordfjordeid	4649	Stad	G
6774	Nordfjordeid	4649	Stad	G
6776	Kjølsdalen	4649	Stad	G
6777	Stårheim	4649	Stad	G
6778	Lote	4649	Stad	G
6779	Holmøyane	4649	Stad	G
6781	Stryn	4651	Stryn	P
6782	Stryn	4651	Stryn	P
6783	Stryn	4651	Stryn	G
6784	Olden	4651	Stryn	P
6788	Olden	4651	Stryn	G
6789	Loen	4651	Stryn	G
6790	Loen	4651	Stryn	P
6791	Oldedalen	4651	Stryn	G
6792	Briksdalsbre	4651	Stryn	G
6793	Innvik	4651	Stryn	G
6794	Innvik	4651	Stryn	P
6795	Blaksæter	4651	Stryn	G
6796	Hopland	4651	Stryn	G
6797	Utvik	4651	Stryn	G
6798	Hjelledalen	4651	Stryn	G
6799	Oppstryn	4651	Stryn	G
6800	Førde	4647	Sunnfjord	G
6801	Førde	4647	Sunnfjord	P
6802	Førde	4647	Sunnfjord	P
6803	Førde	4647	Sunnfjord	P
6804	Førde	4647	Sunnfjord	P
6805	Førde	4647	Sunnfjord	P
6806	Naustdal	4647	Sunnfjord	P
6807	Førde	4647	Sunnfjord	P
6808	Førde	4647	Sunnfjord	P
6809	Førde	4647	Sunnfjord	G
6810	Førde	4647	Sunnfjord	G
6811	Førde	4647	Sunnfjord	G
6812	Førde	4647	Sunnfjord	G
6813	Førde	4647	Sunnfjord	G
6814	Førde	4647	Sunnfjord	G
6815	Førde	4647	Sunnfjord	G
6817	Naustdal	4647	Sunnfjord	G
6818	Haukedalen	4647	Sunnfjord	G
6819	Førde	4647	Sunnfjord	G
6820	Førde	4647	Sunnfjord	P
6821	Sandane	4650	Gloppen	P
6822	Sandane	4650	Gloppen	P
6823	Sandane	4650	Gloppen	G
6826	Byrkjelo	4650	Gloppen	G
6827	Breim	4650	Gloppen	G
6828	Hestenesøyra	4650	Gloppen	G
6829	Hyen	4650	Gloppen	G
6830	Byrkjelo	4650	Gloppen	P
6831	Hyen	4650	Gloppen	P
6841	Skei i Jølster	4647	Sunnfjord	P
6843	Skei i Jølster	4647	Sunnfjord	G
6844	Vassenden	4647	Sunnfjord	P
6847	Vassenden	4647	Sunnfjord	G
6848	Fjærland	4640	Sogndal	G
6849	Kaupanger	4640	Sogndal	P
6851	Sogndal	4640	Sogndal	P
6852	Sogndal	4640	Sogndal	P
6853	Sogndal	4640	Sogndal	P
6854	Kaupanger	4640	Sogndal	G
6855	Frønningen	4642	Lærdal	G
6856	Sogndal	4640	Sogndal	G
6857	Sogndal	4640	Sogndal	G
6858	Fardal	4640	Sogndal	G
6859	Slinda	4640	Sogndal	G
6861	Leikanger	4640	Sogndal	P
6863	Leikanger	4640	Sogndal	G
6866	Gaupne	4644	Luster	P
6867	Hafslo	4644	Luster	P
6868	Gaupne	4644	Luster	G
6869	Hafslo	4644	Luster	G
6870	Ornes	4644	Luster	G
6871	Jostedal	4644	Luster	G
6872	Luster	4644	Luster	G
6873	Marifjøra	4644	Luster	G
6874	Luster	4644	Luster	P
6875	Høyheimsvik	4644	Luster	G
6876	Skjolden	4644	Luster	G
6877	Fortun	4644	Luster	G
6878	Veitastrond	4644	Luster	G
6879	Solvorn	4644	Luster	G
6881	Årdalstangen	4643	Årdal	P
6882	Øvre Årdal	4643	Årdal	P
6884	Øvre Årdal	4643	Årdal	G
6885	Årdalstangen	4643	Årdal	G
6886	Lærdal	4642	Lærdal	P
6887	Lærdal	4642	Lærdal	G
6888	Borgund	4642	Lærdal	G
6891	Vik i Sogn	4639	Vik	P
6893	Vik i Sogn	4639	Vik	G
6894	Vangsnes	4639	Vik	G
6895	Feios	4639	Vik	G
6896	Fresvik	4639	Vik	G
6898	Balestrand	4640	Sogndal	P
6899	Balestrand	4640	Sogndal	G
6900	Florø	4602	Kinn	G
6901	Florø	4602	Kinn	P
6902	Florø	4602	Kinn	P
6903	Florø	4602	Kinn	P
6905	Florø	4602	Kinn	G
6906	Florø	4602	Kinn	G
6907	Florø	4602	Kinn	G
6908	Florø	4602	Kinn	G
6909	Florø	4602	Kinn	P
6910	Florø	4602	Kinn	G
6912	Kinn	4602	Kinn	G
6913	Florø	4602	Kinn	G
6914	Svanøybukt	4602	Kinn	G
6915	Rognaldsvåg	4602	Kinn	G
6916	Barekstad	4602	Kinn	G
6917	Batalden	4602	Kinn	G
6918	Sør-Skorpa	4602	Kinn	G
6919	Tansøy	4602	Kinn	G
6921	Hardbakke	4636	Solund	P
6924	Hardbakke	4636	Solund	G
6926	Krakhella	4636	Solund	G
6927	Ytrøygrend	4636	Solund	G
6928	Kolgrov	4636	Solund	G
6929	Hersvikbygda	4636	Solund	G
6940	Eikefjord	4602	Kinn	G
6941	Eikefjord	4602	Kinn	P
6942	Svortevik	4602	Kinn	G
6944	Stavang	4602	Kinn	G
6946	Lavik	4638	Høyanger	P
6947	Lavik	4638	Høyanger	G
6951	Hyllestad	4637	Hyllestad	P
6953	Leirvik i Sogn	4637	Hyllestad	G
6957	Hyllestad	4637	Hyllestad	G
6958	Sørbøvåg	4637	Hyllestad	G
6959	Sørbøvåg	4637	Hyllestad	P
6961	Dale i Sunnfjord	4646	Fjaler	P
6963	Dale i Sunnfjord	4646	Fjaler	G
6964	Korssund	4646	Fjaler	G
6966	Guddal	4646	Fjaler	G
6967	Hellevik i Fjaler	4646	Fjaler	G
6968	Flekke	4646	Fjaler	G
6969	Straumsnes	4646	Fjaler	G
6971	Sande i Sunnfjord	4647	Sunnfjord	P
6973	Sande i Sunnfjord	4647	Sunnfjord	G
6975	Skilbrei	4647	Sunnfjord	G
6976	Bygstad	4647	Sunnfjord	P
6977	Bygstad	4647	Sunnfjord	G
6978	Viksdalen	4647	Sunnfjord	G
6980	Askvoll	4645	Askvoll	G
6982	Holmedal	4645	Askvoll	G
6983	Kvammen	4645	Askvoll	G
6984	Stongfjorden	4645	Askvoll	G
6985	Atløy	4645	Askvoll	G
6986	Værlandet	4645	Askvoll	G
6987	Bulandet	4645	Askvoll	G
6988	Askvoll	4645	Askvoll	P
6991	Høyanger	4638	Høyanger	P
6993	Høyanger	4638	Høyanger	G
6994	Nessane	4638	Høyanger	G
6995	Kyrkjebø	4638	Høyanger	G
6996	Vadheim	4638	Høyanger	G
7003	Trondheim	5001	Trondheim	P
7004	Trondheim	5001	Trondheim	P
7005	Trondheim	5001	Trondheim	P
7006	Trondheim	5001	Trondheim	P
7010	Trondheim	5001	Trondheim	G
7011	Trondheim	5001	Trondheim	G
7012	Trondheim	5001	Trondheim	G
7013	Trondheim	5001	Trondheim	G
7014	Trondheim	5001	Trondheim	G
7015	Trondheim	5001	Trondheim	G
7016	Trondheim	5001	Trondheim	G
7017	Trondheim	5001	Trondheim	G
7018	Trondheim	5001	Trondheim	G
7019	Trondheim	5001	Trondheim	G
7020	Trondheim	5001	Trondheim	G
7021	Trondheim	5001	Trondheim	G
7022	Trondheim	5001	Trondheim	G
7023	Trondheim	5001	Trondheim	G
7024	Trondheim	5001	Trondheim	G
7025	Trondheim	5001	Trondheim	G
7026	Trondheim	5001	Trondheim	G
7027	Trondheim	5001	Trondheim	G
7028	Trondheim	5001	Trondheim	G
7029	Trondheim	5001	Trondheim	G
7030	Trondheim	5001	Trondheim	G
7031	Trondheim	5001	Trondheim	G
7032	Trondheim	5001	Trondheim	G
7033	Trondheim	5001	Trondheim	G
7034	Trondheim	5001	Trondheim	G
7035	Trondheim	5001	Trondheim	G
7036	Trondheim	5001	Trondheim	G
7037	Trondheim	5001	Trondheim	G
7038	Trondheim	5001	Trondheim	G
7039	Trondheim	5001	Trondheim	G
7040	Trondheim	5001	Trondheim	G
7041	Trondheim	5001	Trondheim	G
7042	Trondheim	5001	Trondheim	G
7043	Trondheim	5001	Trondheim	G
7044	Trondheim	5001	Trondheim	G
7045	Trondheim	5001	Trondheim	G
7046	Trondheim	5001	Trondheim	G
7047	Trondheim	5001	Trondheim	G
7048	Trondheim	5001	Trondheim	G
7049	Trondheim	5001	Trondheim	G
7050	Trondheim	5001	Trondheim	G
7051	Trondheim	5001	Trondheim	G
7052	Trondheim	5001	Trondheim	G
7053	Charlottenlund	5001	Trondheim	G
7054	Ranheim	5001	Trondheim	G
7055	Ranheim	5001	Trondheim	G
7056	Ranheim	5001	Trondheim	G
7057	Jonsvatnet	5001	Trondheim	G
7058	Charlottenlund	5001	Trondheim	G
7059	Jakobsli	5001	Trondheim	G
7060	Charlottenlund	5001	Trondheim	G
7061	Trondheim	5001	Trondheim	G
7066	Trondheim	5001	Trondheim	G
7067	Trondheim	5001	Trondheim	G
7068	Trondheim	5001	Trondheim	G
7069	Trondheim	5001	Trondheim	G
7070	Bosberg	5001	Trondheim	G
7071	Trondheim	5001	Trondheim	G
7072	Heimdal	5001	Trondheim	G
7074	Spongdal	5001	Trondheim	G
7075	Tiller	5001	Trondheim	G
7078	Saupstad	5001	Trondheim	G
7079	Flatåsen	5001	Trondheim	G
7080	Heimdal	5001	Trondheim	G
7081	Sjetnemarka	5001	Trondheim	G
7082	Kattem	5001	Trondheim	G
7083	Leinstrand	5001	Trondheim	G
7088	Heimdal	5001	Trondheim	G
7089	Heimdal	5001	Trondheim	G
7091	Tiller	5001	Trondheim	G
7092	Tiller	5001	Trondheim	G
7093	Tiller	5001	Trondheim	G
7097	Saupstad	5001	Trondheim	G
7098	Saupstad	5001	Trondheim	G
7099	Flatåsen	5001	Trondheim	G
7100	Rissa	5054	Indre Fosen	G
7101	Rissa	5054	Indre Fosen	P
7105	Stadsbygd	5054	Indre Fosen	G
7110	Fevåg	5054	Indre Fosen	G
7111	Hasselvika	5054	Indre Fosen	P
7112	Hasselvika	5054	Indre Fosen	G
7113	Husbysjøen	5054	Indre Fosen	G
7114	Råkvåg	5054	Indre Fosen	G
7115	Husbysjøen	5054	Indre Fosen	P
7116	Råkvåg	5054	Indre Fosen	P
7119	Stadsbygd	5054	Indre Fosen	P
7120	Leksvik	5054	Indre Fosen	G
7121	Leksvik	5054	Indre Fosen	P
7125	Vanvikan	5054	Indre Fosen	G
7126	Vanvikan	5054	Indre Fosen	P
7127	Opphaug	5057	Ørland	P
7129	Brekstad	5057	Ørland	P
7130	Brekstad	5057	Ørland	G
7140	Opphaug	5057	Ørland	G
7142	Uthaug	5057	Ørland	G
7150	Storfosna	5057	Ørland	G
7152	Kråkvåg	5057	Ørland	G
7153	Garten	5057	Ørland	G
7156	Leksa	5059	Orkland	G
7159	Bjugn	5057	Ørland	P
7160	Bjugn	5057	Ørland	G
7164	Lysøysundet	5057	Ørland	P
7165	Oksvoll	5057	Ørland	G
7166	Tarva	5057	Ørland	G
7167	Vallersund	5057	Ørland	G
7168	Lysøysundet	5057	Ørland	G
7169	Åfjord	5058	Åfjord	P
7170	Åfjord	5058	Åfjord	G
7174	Revsnes	5058	Åfjord	P
7175	Stokkøy	5058	Åfjord	P
7176	Linesøya	5058	Åfjord	G
7177	Revsnes	5058	Åfjord	G
7178	Stokkøy	5058	Åfjord	G
7180	Roan	5058	Åfjord	G
7181	Roan	5058	Åfjord	P
7190	Bessaker	5058	Åfjord	G
7194	Brandsfjord	5058	Åfjord	G
7200	Kyrksæterøra	5055	Heim	G
7201	Kyrksæterøra	5055	Heim	P
7203	Vinjeøra	5055	Heim	G
7206	Hellandsjøen	5055	Heim	G
7207	Ytre Snillfjord	5055	Heim	G
7211	Korsvegen	5028	Melhus	P
7212	Korsvegen	5028	Melhus	G
7213	Gåsbakken	5028	Melhus	G
7221	Melhus	5028	Melhus	P
7223	Melhus	5028	Melhus	P
7224	Melhus	5028	Melhus	G
7227	Gimse	5028	Melhus	G
7228	Kvål	5028	Melhus	G
7231	Lundamo	5028	Melhus	P
7232	Lundamo	5028	Melhus	G
7234	Ler	5028	Melhus	G
7235	Ler	5028	Melhus	P
7236	Hovin i Gauldal	5028	Melhus	G
7238	Hovin i Gauldal	5028	Melhus	P
7239	Hitra	5056	Hitra	P
7240	Hitra	5056	Hitra	G
7241	Ansnes	5056	Hitra	G
7242	Knarrlagsund	5056	Hitra	G
7243	Kvenvær	5056	Hitra	G
7244	Knarrlagsund	5056	Hitra	P
7245	Kvenvær	5056	Hitra	P
7246	Sandstad	5056	Hitra	G
7247	Hestvika	5056	Hitra	G
7250	Melandsjø	5056	Hitra	G
7252	Dolmøy	5056	Hitra	G
7255	Sundlandet	5056	Hitra	G
7256	Hemnskjela	5056	Hitra	G
7257	Snillfjord	5059	Orkland	G
7259	Snillfjord	5059	Orkland	P
7260	Sistranda	5014	Frøya	G
7261	Sistranda	5014	Frøya	P
7263	Hamarvik	5014	Frøya	G
7264	Hamarvik	5014	Frøya	P
7266	Kverva	5014	Frøya	G
7267	Kverva	5014	Frøya	P
7268	Titran	5014	Frøya	G
7270	Dyrvik	5014	Frøya	G
7273	Norddyrøy	5014	Frøya	G
7274	Norddyrøy	5014	Frøya	P
7280	Sula	5014	Frøya	B
7282	Bogøyvær	5014	Frøya	G
7284	Mausund	5014	Frøya	B
7285	Gjæsingen	5014	Frøya	G
7286	Sørburøy	5014	Frøya	G
7287	Sauøy	5014	Frøya	G
7288	Soknedal	5027	Midtre Gauldal	G
7289	Soknedal	5027	Midtre Gauldal	P
7290	Støren	5027	Midtre Gauldal	G
7291	Støren	5027	Midtre Gauldal	P
7295	Rognes	5027	Midtre Gauldal	G
7298	Budalen	5027	Midtre Gauldal	G
7300	Orkanger	5059	Orkland	G
7301	Orkanger	5059	Orkland	P
7302	Orkanger	5059	Orkland	P
7303	Orkanger	5059	Orkland	G
7310	Gjølme	5059	Orkland	G
7315	Lensvik	5059	Orkland	P
7316	Lensvik	5059	Orkland	G
7318	Agdenes	5059	Orkland	G
7319	Agdenes	5059	Orkland	P
7320	Fannrem	5059	Orkland	G
7321	Fannrem	5059	Orkland	P
7327	Svorkmo	5059	Orkland	G
7329	Svorkmo	5059	Orkland	P
7331	Løkken Verk	5059	Orkland	P
7332	Løkken Verk	5059	Orkland	G
7334	Storås	5059	Orkland	G
7335	Jerpstad	5059	Orkland	G
7336	Meldal	5059	Orkland	G
7338	Meldal	5059	Orkland	P
7340	Oppdal	5021	Oppdal	G
7341	Oppdal	5021	Oppdal	P
7342	Lønset	5021	Oppdal	G
7343	Vognill	5021	Oppdal	G
7344	Oppdal	5021	Oppdal	G
7345	Drivdalen	5021	Oppdal	G
7346	Oppdal	5021	Oppdal	G
7347	Oppdal	5021	Oppdal	G
7350	Buvika	5029	Skaun	G
7351	Buvika	5029	Skaun	P
7353	Børsa	5029	Skaun	G
7354	Viggja	5029	Skaun	G
7355	Eggkleiva	5029	Skaun	G
7356	Skaun	5029	Skaun	P
7357	Skaun	5029	Skaun	G
7358	Børsa	5029	Skaun	P
7361	Røros	5025	Røros	P
7370	Brekkebygd	5025	Røros	G
7372	Glåmos	5025	Røros	G
7374	Røros	5025	Røros	G
7375	Røros	5025	Røros	G
7380	Ålen	5026	Holtålen	G
7383	Haltdalen	5026	Holtålen	G
7384	Ålen	5026	Holtålen	P
7386	Singsås	5027	Midtre Gauldal	P
7387	Singsås	5027	Midtre Gauldal	G
7388	Singsås	5027	Midtre Gauldal	P
7391	Rennebu	5022	Rennebu	G
7392	Rennebu	5022	Rennebu	G
7393	Rennebu	5022	Rennebu	G
7397	Rennebu	5022	Rennebu	G
7398	Rennebu	5022	Rennebu	G
7399	Rennebu	5022	Rennebu	P
7400	Trondheim	5001	Trondheim	P
7401	Trondheim	5001	Trondheim	P
7402	Trondheim	5001	Trondheim	P
7403	Trondheim	5001	Trondheim	P
7404	Trondheim	5001	Trondheim	P
7405	Trondheim	5001	Trondheim	P
7406	Trondheim	5001	Trondheim	P
7407	Trondheim	5001	Trondheim	P
7408	Trondheim	5001	Trondheim	P
7409	Trondheim	5001	Trondheim	P
7410	Trondheim	5001	Trondheim	P
7411	Trondheim	5001	Trondheim	P
7412	Trondheim	5001	Trondheim	P
7413	Trondheim	5001	Trondheim	P
7414	Trondheim	5001	Trondheim	P
7415	Trondheim	5001	Trondheim	P
7416	Trondheim	5001	Trondheim	P
7417	Trondheim	5001	Trondheim	P
7418	Trondheim	5001	Trondheim	P
7419	Trondheim	5001	Trondheim	P
7420	Trondheim	5001	Trondheim	P
7421	Trondheim	5001	Trondheim	P
7422	Trondheim	5001	Trondheim	P
7424	Trondheim	5001	Trondheim	P
7425	Trondheim	5001	Trondheim	P
7427	Trondheim	5001	Trondheim	P
7428	Trondheim	5001	Trondheim	P
7429	Trondheim	5001	Trondheim	P
7430	Trondheim	5001	Trondheim	P
7431	Trondheim	5001	Trondheim	P
7432	Trondheim	5001	Trondheim	P
7433	Trondheim	5001	Trondheim	P
7434	Trondheim	5001	Trondheim	P
7435	Trondheim	5001	Trondheim	P
7436	Trondheim	5001	Trondheim	P
7437	Trondheim	5001	Trondheim	P
7438	Trondheim	5001	Trondheim	P
7439	Trondheim	5001	Trondheim	P
7440	Trondheim	5001	Trondheim	P
7441	Trondheim	5001	Trondheim	P
7442	Trondheim	5001	Trondheim	P
7443	Trondheim	5001	Trondheim	P
7444	Trondheim	5001	Trondheim	P
7445	Trondheim	5001	Trondheim	P
7446	Trondheim	5001	Trondheim	P
7447	Trondheim	5001	Trondheim	P
7448	Trondheim	5001	Trondheim	P
7449	Trondheim	5001	Trondheim	P
7450	Trondheim	5001	Trondheim	P
7451	Trondheim	5001	Trondheim	P
7452	Trondheim	5001	Trondheim	P
7453	Trondheim	5001	Trondheim	P
7454	Trondheim	5001	Trondheim	P
7455	Trondheim	5001	Trondheim	P
7456	Trondheim	5001	Trondheim	P
7457	Trondheim	5001	Trondheim	P
7458	Trondheim	5001	Trondheim	P
7462	Trondheim	5001	Trondheim	P
7463	Trondheim	5001	Trondheim	P
7464	Trondheim	5001	Trondheim	P
7465	Trondheim	5001	Trondheim	P
7466	Trondheim	5001	Trondheim	P
7467	Trondheim	5001	Trondheim	P
7468	Trondheim	5001	Trondheim	P
7469	Trondheim	5001	Trondheim	P
7470	Trondheim	5001	Trondheim	P
7471	Trondheim	5001	Trondheim	P
7472	Trondheim	5001	Trondheim	P
7473	Trondheim	5001	Trondheim	P
7474	Trondheim	5001	Trondheim	P
7475	Trondheim	5001	Trondheim	P
7476	Trondheim	5001	Trondheim	P
7477	Trondheim	5001	Trondheim	P
7478	Trondheim	5001	Trondheim	P
7479	Trondheim	5001	Trondheim	P
7480	Trondheim	5001	Trondheim	P
7481	Trondheim	5001	Trondheim	P
7482	Trondheim	5001	Trondheim	P
7483	Trondheim	5001	Trondheim	P
7484	Trondheim	5001	Trondheim	P
7485	Trondheim	5001	Trondheim	P
7486	Trondheim	5001	Trondheim	P
7487	Trondheim	5001	Trondheim	P
7488	Trondheim	5001	Trondheim	P
7489	Trondheim	5001	Trondheim	P
7490	Trondheim	5001	Trondheim	P
7491	Trondheim	5001	Trondheim	P
7492	Trondheim	5001	Trondheim	P
7493	Trondheim	5001	Trondheim	P
7494	Trondheim	5001	Trondheim	P
7495	Trondheim	5001	Trondheim	P
7496	Trondheim	5001	Trondheim	P
7497	Trondheim	5001	Trondheim	P
7498	Trondheim	5001	Trondheim	P
7500	Stjørdal	5035	Stjørdal	G
7501	Stjørdal	5035	Stjørdal	P
7502	Stjørdal	5035	Stjørdal	G
7503	Stjørdal	5035	Stjørdal	G
7504	Stjørdal	5035	Stjørdal	G
7505	Stjørdal	5035	Stjørdal	G
7506	Stjørdal	5035	Stjørdal	G
7507	Stjørdal	5035	Stjørdal	G
7508	Stjørdal	5035	Stjørdal	P
7509	Stjørdal	5035	Stjørdal	G
7510	Skatval	5035	Stjørdal	G
7511	Skatval	5035	Stjørdal	P
7512	Stjørdal	5035	Stjørdal	G
7513	Stjørdal	5035	Stjørdal	G
7514	Stjørdal	5035	Stjørdal	G
7517	Hell	5035	Stjørdal	G
7519	Elvarli	5035	Stjørdal	G
7520	Hegra	5035	Stjørdal	G
7525	Flornes	5035	Stjørdal	G
7529	Hegra	5035	Stjørdal	P
7530	Meråker	5034	Meråker	G
7531	Meråker	5034	Meråker	P
7533	Kopperå	5034	Meråker	G
7540	Klæbu	5001	Trondheim	G
7541	Klæbu	5001	Trondheim	P
7549	Tanem	5001	Trondheim	G
7550	Hommelvik	5031	Malvik	G
7551	Hommelvik	5031	Malvik	P
7560	Vikhammer	5031	Malvik	G
7562	Saksvik	5031	Malvik	G
7563	Malvik	5031	Malvik	G
7566	Vikhammer	5031	Malvik	P
7570	Hell	5035	Stjørdal	P
7580	Selbu	5032	Selbu	G
7581	Selbu	5032	Selbu	P
7583	Selbu	5032	Selbu	P
7584	Selbustrand	5032	Selbu	G
7590	Tydal	5033	Tydal	G
7591	Tydal	5033	Tydal	P
7596	Flaknan	5032	Selbu	G
7600	Levanger	5037	Levanger	G
7601	Levanger	5037	Levanger	P
7602	Levanger	5037	Levanger	G
7603	Levanger	5037	Levanger	G
7604	Levanger	5037	Levanger	G
7605	Levanger	5037	Levanger	G
7606	Levanger	5037	Levanger	G
7607	Levanger	5037	Levanger	G
7608	Levanger	5037	Levanger	G
7609	Levanger	5037	Levanger	G
7610	Levanger	5037	Levanger	P
7619	Skogn	5037	Levanger	P
7620	Skogn	5037	Levanger	G
7622	Markabygda	5037	Levanger	G
7623	Ronglan	5037	Levanger	G
7624	Ekne	5037	Levanger	G
7629	Ytterøy	5037	Levanger	G
7630	Åsen	5037	Levanger	G
7631	Åsen	5037	Levanger	P
7632	Åsenfjord	5037	Levanger	G
7633	Frosta	5036	Frosta	G
7634	Frosta	5036	Frosta	P
7650	Verdal	5038	Verdal	G
7651	Verdal	5038	Verdal	P
7652	Verdal	5038	Verdal	G
7653	Verdal	5038	Verdal	G
7654	Verdal	5038	Verdal	G
7655	Verdal	5038	Verdal	G
7656	Verdal	5038	Verdal	G
7657	Verdal	5038	Verdal	G
7658	Verdal	5038	Verdal	P
7660	Vuku	5038	Verdal	G
7661	Vuku	5038	Verdal	P
7670	Inderøy	5053	Inderøy	G
7671	Inderøy	5053	Inderøy	P
7672	Inderøy	5053	Inderøy	P
7690	Mosvik	5053	Inderøy	G
7691	Mosvik	5053	Inderøy	P
7701	Steinkjer	5006	Steinkjer	P
7702	Steinkjer	5006	Steinkjer	P
7703	Steinkjer	5006	Steinkjer	P
7704	Steinkjer	5006	Steinkjer	P
7705	Steinkjer	5006	Steinkjer	P
7707	Steinkjer	5006	Steinkjer	P
7708	Steinkjer	5006	Steinkjer	P
7709	Steinkjer	5006	Steinkjer	P
7710	Sparbu	5006	Steinkjer	G
7711	Steinkjer	5006	Steinkjer	G
7712	Steinkjer	5006	Steinkjer	G
7713	Steinkjer	5006	Steinkjer	G
7714	Steinkjer	5006	Steinkjer	G
7715	Steinkjer	5006	Steinkjer	G
7716	Steinkjer	5006	Steinkjer	G
7717	Steinkjer	5006	Steinkjer	G
7718	Steinkjer	5006	Steinkjer	G
7724	Steinkjer	5006	Steinkjer	G
7725	Steinkjer	5006	Steinkjer	G
7726	Steinkjer	5006	Steinkjer	P
7729	Steinkjer	5006	Steinkjer	P
7730	Beitstad	5006	Steinkjer	G
7732	Steinkjer	5006	Steinkjer	G
7733	Sparbu	5006	Steinkjer	P
7734	Steinkjer	5006	Steinkjer	P
7735	Steinkjer	5006	Steinkjer	P
7736	Steinkjer	5006	Steinkjer	P
7737	Steinkjer	5006	Steinkjer	P
7738	Steinkjer	5006	Steinkjer	P
7739	Beitstad	5006	Steinkjer	P
7740	Steinsdalen	5020	Osen	G
7741	Steinsdalen	5020	Osen	P
7742	Yttervåg	5020	Osen	G
7744	Hepsøy	5020	Osen	G
7745	Oppland	5049	Flatanger	G
7746	Hasvåg	5049	Flatanger	G
7748	Seter	5020	Osen	G
7750	Namdalseid	5007	Namsos	G
7751	Namdalseid	5007	Namsos	P
7760	Snåsa	5041	Snåsa	G
7761	Snåsa	5041	Snåsa	P
7770	Flatanger	5049	Flatanger	G
7771	Flatanger	5049	Flatanger	P
7777	Nord-Statland	5007	Namsos	G
7790	Malm	5006	Steinkjer	G
7791	Malm	5006	Steinkjer	P
7795	Follafoss	5006	Steinkjer	P
7796	Follafoss	5006	Steinkjer	G
7797	Verrabotn	5054	Indre Fosen	G
7800	Namsos	5007	Namsos	G
7801	Namsos	5007	Namsos	P
7802	Namsos	5007	Namsos	G
7803	Namsos	5007	Namsos	G
7804	Namsos	5007	Namsos	G
7805	Namsos	5007	Namsos	G
7808	Namsos	5007	Namsos	P
7810	Namsos	5007	Namsos	G
7817	Salsnes	5007	Namsos	G
7818	Lund	5007	Namsos	G
7819	Fosslandsosen	5007	Namsos	G
7820	Spillum	5007	Namsos	G
7821	Spillum	5007	Namsos	P
7822	Bangsund	5007	Namsos	G
7823	Bangsund	5007	Namsos	P
7856	Jøa	5007	Namsos	G
7860	Skage i Namdalen	5047	Overhalla	G
7863	Overhalla	5047	Overhalla	G
7864	Overhalla	5047	Overhalla	P
7869	Skage i Namdalen	5047	Overhalla	P
7870	Grong	5045	Grong	G
7871	Grong	5045	Grong	P
7873	Harran	5045	Grong	G
7874	Harran	5045	Grong	P
7876	Kongsmoen	5046	Høylandet	G
7877	Høylandet	5046	Høylandet	G
7878	Høylandet	5046	Høylandet	P
7881	Nordli	5042	Lierne	P
7882	Nordli	5042	Lierne	G
7884	Sørli	5042	Lierne	G
7885	Sørli	5042	Lierne	P
7890	Namsskogan	5044	Namsskogan	G
7891	Namsskogan	5044	Namsskogan	P
7892	Trones	5044	Namsskogan	G
7893	Skorovatn	5044	Namsskogan	G
7896	Brekkvasselv	5044	Namsskogan	G
7897	Limingen	5043	Røyrvik	P
7898	Limingen	5043	Røyrvik	G
7900	Rørvik	5060	Nærøysund	G
7901	Rørvik	5060	Nærøysund	P
7902	Rørvik	5060	Nærøysund	P
7924	Austafjord	5060	Nærøysund	G
7940	Ottersøy	5060	Nærøysund	G
7941	Ottersøy	5060	Nærøysund	P
7944	Indre Nærøy	5060	Nærøysund	G
7950	Abelvær	5060	Nærøysund	G
7960	Salsbruket	5060	Nærøysund	G
7970	Kolvereid	5060	Nærøysund	G
7971	Kolvereid	5060	Nærøysund	P
7973	Gjerdinga	5060	Nærøysund	G
7979	Terråk	1811	Bindal	P
7980	Terråk	1811	Bindal	G
7981	Harangsfjord	1811	Bindal	G
7982	Bindalseidet	1811	Bindal	G
7983	Bindalseidet	1811	Bindal	P
7985	Foldereid	5060	Nærøysund	G
7986	Foldereid	5060	Nærøysund	P
7990	Naustbukta	5060	Nærøysund	G
7993	Gutvik	5052	Leka	G
7994	Leka	5052	Leka	G
7995	Leka	5052	Leka	P
8001	Bodø	1804	Bodø	P
8002	Bodø	1804	Bodø	P
8003	Bodø	1804	Bodø	G
8004	Bodø	1804	Bodø	G
8005	Bodø	1804	Bodø	G
8006	Bodø	1804	Bodø	G
8007	Bodø	1804	Bodø	G
8008	Bodø	1804	Bodø	G
8009	Bodø	1804	Bodø	G
8010	Bodø	1804	Bodø	G
8011	Bodø	1804	Bodø	G
8012	Bodø	1804	Bodø	G
8013	Bodø	1804	Bodø	G
8014	Bodø	1804	Bodø	G
8015	Bodø	1804	Bodø	G
8016	Bodø	1804	Bodø	G
8019	Bodø	1804	Bodø	G
8020	Bodø	1804	Bodø	G
8021	Bodø	1804	Bodø	G
8022	Bodø	1804	Bodø	G
8023	Bodø	1804	Bodø	G
8025	Bodø	1804	Bodø	G
8026	Bodø	1804	Bodø	G
8027	Bodø	1804	Bodø	G
8028	Bodø	1804	Bodø	G
8029	Bodø	1804	Bodø	G
8030	Bodø	1804	Bodø	G
8031	Bodø	1804	Bodø	P
8037	Bodø	1804	Bodø	P
8038	Bodø	1804	Bodø	P
8041	Bodø	1804	Bodø	P
8047	Bodø	1804	Bodø	P
8048	Bodø	1804	Bodø	P
8049	Bodø	1804	Bodø	P
8050	Tverlandet	1804	Bodø	G
8056	Saltstraumen	1804	Bodø	G
8057	Saltstraumen	1804	Bodø	P
8058	Tverlandet	1804	Bodø	P
8062	Værøy	1857	Værøy	P
8063	Værøy	1857	Værøy	G
8064	Røst	1856	Røst	G
8065	Røst	1856	Røst	P
8070	Bodø	1804	Bodø	G
8071	Bodø	1804	Bodø	G
8072	Bodø	1804	Bodø	G
8073	Bodø	1804	Bodø	G
8074	Bodø	1804	Bodø	G
8075	Bodø	1804	Bodø	G
8076	Bodø	1804	Bodø	G
8079	Bodø	1804	Bodø	G
8084	Bodø	1804	Bodø	P
8085	Bodø	1804	Bodø	P
8086	Bodø	1804	Bodø	P
8087	Bodø	1804	Bodø	P
8088	Bodø	1804	Bodø	P
8089	Bodø	1804	Bodø	P
8091	Bodø	1804	Bodø	P
8092	Bodø	1804	Bodø	P
8093	Kjerringøy	1804	Bodø	G
8094	Fleinvær	1838	Gildeskål	G
8095	Helligvær	1804	Bodø	B
8096	Bliksvær	1804	Bodø	G
8097	Givær	1804	Bodø	G
8098	Landegode	1804	Bodø	G
8099	Jan Mayen	2211	Jan Mayen	G
8100	Misvær	1804	Bodø	G
8102	Skjerstad	1804	Bodø	G
8103	Breivik i Salten	1804	Bodø	G
8108	Misvær	1804	Bodø	P
8110	Moldjord	1839	Beiarn	G
8114	Tollå	1839	Beiarn	G
8118	Moldjord	1839	Beiarn	P
8120	Nygårdsjøen	1838	Gildeskål	G
8130	Sandhornøy	1838	Gildeskål	G
8134	Sørarnøy	1838	Gildeskål	P
8135	Sørarnøy	1838	Gildeskål	G
8136	Nordarnøy	1838	Gildeskål	G
8138	Inndyr	1838	Gildeskål	P
8140	Inndyr	1838	Gildeskål	G
8145	Storvik	1838	Gildeskål	G
8146	Reipå	1837	Meløy	G
8149	Neverdal	1837	Meløy	G
8150	Ørnes	1837	Meløy	G
8151	Ørnes	1837	Meløy	P
8157	Meløy	1837	Meløy	G
8158	Bolga	1837	Meløy	B
8159	Støtt	1837	Meløy	G
8160	Glomfjord	1837	Meløy	G
8161	Glomfjord	1837	Meløy	P
8168	Engavågen	1837	Meløy	P
8170	Engavågen	1837	Meløy	G
8178	Halsa	1837	Meløy	G
8179	Halsa	1837	Meløy	P
8181	Myken	1836	Rødøy	G
8182	Melfjordbotn	1836	Rødøy	G
8183	Vågaholmen	1836	Rødøy	P
8184	Ågskardet	1837	Meløy	G
8185	Vågaholmen	1836	Rødøy	G
8186	Tjongsfjorden	1836	Rødøy	G
8187	Jektvik	1836	Rødøy	G
8188	Nordværnes	1836	Rødøy	G
8189	Gjersvikgrenda	1836	Rødøy	G
8190	Sørfjorden	1836	Rødøy	B
8192	Jektvik	1836	Rødøy	P
8193	Rødøy	1836	Rødøy	B
8195	Gjerdøya	1836	Rødøy	G
8196	Selsøyvik	1836	Rødøy	G
8197	Storselsøya	1836	Rødøy	G
8198	Nordnesøya	1836	Rødøy	G
8200	Fauske	1841	Fauske	G
8201	Fauske	1841	Fauske	P
8202	Fauske	1841	Fauske	P
8203	Fauske	1841	Fauske	P
8205	Fauske	1841	Fauske	P
8206	Fauske	1841	Fauske	G
8207	Fauske	1841	Fauske	G
8208	Fauske	1841	Fauske	G
8209	Fauske	1841	Fauske	G
8210	Fauske	1841	Fauske	G
8211	Fauske	1841	Fauske	G
8214	Fauske	1841	Fauske	G
8215	Valnesfjord	1841	Fauske	G
8218	Fauske	1841	Fauske	G
8219	Fauske	1841	Fauske	G
8220	Røsvik	1845	Sørfold	G
8226	Straumen	1845	Sørfold	G
8230	Sulitjelma	1841	Fauske	G
8231	Sulitjelma	1841	Fauske	P
8232	Straumen	1845	Sørfold	P
8233	Valnesfjord	1841	Fauske	P
8250	Rognan	1840	Saltdal	G
8251	Rognan	1840	Saltdal	P
8252	Rognan	1840	Saltdal	G
8253	Rognan	1840	Saltdal	G
8255	Røkland	1840	Saltdal	G
8256	Røkland	1840	Saltdal	P
8260	Innhavet	1875	Hamarøy	G
8261	Innhavet	1875	Hamarøy	P
8264	Engan	1845	Sørfold	G
8266	Mørsvikbotn	1845	Sørfold	G
8270	Drag	1875	Hamarøy	G
8271	Drag	1875	Hamarøy	P
8273	Nevervika	1875	Hamarøy	G
8274	Musken	1875	Hamarøy	G
8275	Storjorda i Tysfjorden	1875	Hamarøy	G
8276	Ulvsvåg	1875	Hamarøy	G
8278	Storå	1806	Narvik	G
8281	Leinesfjord	1848	Steigen	P
8283	Leinesfjord	1848	Steigen	G
8285	Leines	1848	Steigen	G
8286	Nordfold	1848	Steigen	G
8287	Engeløya	1848	Steigen	P
8288	Bogøy	1848	Steigen	G
8289	Engeløya	1848	Steigen	G
8290	Skutvik	1875	Hamarøy	G
8294	Hamarøy	1875	Hamarøy	G
8297	Tranøy	1875	Hamarøy	G
8298	Hamarøy	1875	Hamarøy	P
8300	Svolvær	1865	Vågan	G
8301	Svolvær	1865	Vågan	P
8305	Svolvær	1865	Vågan	P
8309	Kabelvåg	1865	Vågan	P
8310	Kabelvåg	1865	Vågan	G
8311	Henningsvær	1865	Vågan	P
8312	Henningsvær	1865	Vågan	G
8313	Kleppstad	1865	Vågan	G
8314	Gimsøysand	1865	Vågan	G
8315	Laukvik	1865	Vågan	G
8316	Laupstad	1865	Vågan	G
8317	Strønstad	1866	Hadsel	G
8320	Skrova	1865	Vågan	B
8322	Brettesnes	1865	Vågan	G
8323	Storfjell	1865	Vågan	G
8324	Digermulen	1865	Vågan	G
8325	Tengelfjord	1866	Hadsel	G
8326	Myrland	1866	Hadsel	G
8328	Stormolla	1865	Vågan	G
8340	Stamsund	1860	Vestvågøy	G
8352	Sennesvik	1860	Vestvågøy	G
8357	Valberg	1860	Vestvågøy	G
8360	Bøstad	1860	Vestvågøy	G
8361	Bøstad	1860	Vestvågøy	P
8370	Leknes	1860	Vestvågøy	G
8372	Gravdal	1860	Vestvågøy	G
8373	Ballstad	1860	Vestvågøy	G
8376	Leknes	1860	Vestvågøy	P
8377	Gravdal	1860	Vestvågøy	P
8378	Stamsund	1860	Vestvågøy	P
8380	Ramberg	1859	Flakstad	G
8382	Napp	1859	Flakstad	G
8384	Sund i Lofoten	1859	Flakstad	G
8385	Mølnarodden	1859	Flakstad	G
8387	Fredvang	1859	Flakstad	G
8388	Ramberg	1859	Flakstad	P
8390	Reine	1874	Moskenes	G
8392	Sørvågen	1874	Moskenes	G
8393	Sørvågen	1874	Moskenes	P
8398	Reine	1874	Moskenes	P
8400	Sortland	1870	Sortland	G
8401	Sortland	1870	Sortland	P
8402	Sortland	1870	Sortland	G
8403	Sortland	1870	Sortland	G
8404	Sortland	1870	Sortland	G
8405	Sortland	1870	Sortland	P
8406	Sortland	1870	Sortland	G
8407	Sortland	1870	Sortland	G
8408	Sortland	1868	Øksnes	G
8409	Gullesfjorden	5510	Kvæfjord	G
8410	Lødingen	1851	Lødingen	G
8411	Lødingen	1851	Lødingen	P
8412	Vestbygda	1851	Lødingen	G
8413	Kvitnes	1866	Hadsel	G
8414	Hennes	1866	Hadsel	G
8415	Sortland	1870	Sortland	G
8416	Sortland	1870	Sortland	G
8426	Barkestad	1868	Øksnes	G
8428	Tunstad	1868	Øksnes	G
8430	Myre	1868	Øksnes	G
8432	Alsvåg	1868	Øksnes	G
8438	Stø	1868	Øksnes	G
8439	Myre	1868	Øksnes	P
8445	Melbu	1866	Hadsel	G
8447	Lonkan	1866	Hadsel	G
8450	Stokmarknes	1866	Hadsel	G
8455	Stokmarknes	1866	Hadsel	P
8459	Melbu	1866	Hadsel	P
8465	Straumsjøen	1867	Bø	P
8469	Bø i Vesterålen	1867	Bø	P
8470	Bø i Vesterålen	1867	Bø	G
8475	Straumsjøen	1867	Bø	G
8480	Andenes	1871	Andøy	G
8481	Bleik	1871	Andøy	G
8483	Andenes	1871	Andøy	P
8484	Risøyhamn	1871	Andøy	G
8485	Dverberg	1871	Andøy	G
8488	Nøss	1871	Andøy	G
8489	Nordmela	1871	Andøy	G
8493	Risøyhamn	1871	Andøy	P
8501	Narvik	1806	Narvik	P
8502	Narvik	1806	Narvik	P
8503	Narvik	1806	Narvik	P
8504	Narvik	1806	Narvik	P
8505	Narvik	1806	Narvik	P
8506	Narvik	1806	Narvik	P
8507	Narvik	1806	Narvik	P
8508	Narvik	1806	Narvik	P
8509	Narvik	1806	Narvik	P
8510	Narvik	1806	Narvik	P
8512	Narvik	1806	Narvik	P
8513	Ankenes	1806	Narvik	P
8514	Narvik	1806	Narvik	G
8515	Narvik	1806	Narvik	G
8516	Narvik	1806	Narvik	G
8517	Narvik	1806	Narvik	G
8518	Narvik	1806	Narvik	P
8519	Narvik	1806	Narvik	G
8520	Ankenes	1806	Narvik	G
8521	Ankenes	1806	Narvik	G
8522	Beisfjord	1806	Narvik	G
8523	Skjomen	1806	Narvik	G
8530	Bjerkvik	1806	Narvik	G
8531	Bjerkvik	1806	Narvik	P
8533	Bogen i Ofoten	1853	Evenes	G
8534	Liland	1853	Evenes	G
8535	Tårstad	1853	Evenes	G
8536	Evenes	1853	Evenes	G
8539	Bogen i Ofoten	1853	Evenes	P
8540	Ballangen	1806	Narvik	G
8543	Kjeldebotn	1806	Narvik	G
8546	Ballangen	1806	Narvik	P
8590	Kjøpsvik	1806	Narvik	G
8591	Kjøpsvik	1806	Narvik	P
8601	Mo i Rana	1833	Rana	P
8602	Mo i Rana	1833	Rana	P
8603	Mo i Rana	1833	Rana	P
8604	Mo i Rana	1833	Rana	P
8607	Mo i Rana	1833	Rana	P
8609	Mo i Rana	1833	Rana	P
8610	Mo i Rana	1833	Rana	G
8611	Mo i Rana	1833	Rana	G
8613	Mo i Rana	1833	Rana	G
8614	Mo i Rana	1833	Rana	G
8615	Skonseng	1833	Rana	G
8616	Mo i Rana	1833	Rana	G
8617	Dalsgrenda	1833	Rana	G
8618	Mo i Rana	1833	Rana	G
8619	Mo i Rana	1833	Rana	P
8622	Mo i Rana	1833	Rana	G
8624	Mo i Rana	1833	Rana	G
8626	Mo i Rana	1833	Rana	G
8630	Storforsheia	1833	Rana	G
8638	Storforsheia	1833	Rana	P
8640	Hemnesberget	1832	Hemnes	G
8641	Hemnesberget	1832	Hemnes	P
8642	Finneidfjord	1832	Hemnes	G
8643	Bjerka	1832	Hemnes	G
8644	Bjerka	1832	Hemnes	P
8646	Korgen	1832	Hemnes	G
8647	Bleikvasslia	1832	Hemnes	G
8648	Korgen	1832	Hemnes	P
8651	Mosjøen	1824	Vefsn	P
8652	Mosjøen	1824	Vefsn	P
8654	Mosjøen	1824	Vefsn	P
8655	Mosjøen	1824	Vefsn	P
8656	Mosjøen	1824	Vefsn	G
8657	Mosjøen	1824	Vefsn	G
8658	Mosjøen	1824	Vefsn	G
8659	Mosjøen	1824	Vefsn	G
8660	Mosjøen	1824	Vefsn	G
8661	Mosjøen	1824	Vefsn	G
8663	Mosjøen	1824	Vefsn	G
8664	Mosjøen	1824	Vefsn	G
8665	Mosjøen	1824	Vefsn	G
8666	Mosjøen	1824	Vefsn	G
8672	Elsfjord	1824	Vefsn	G
8681	Trofors	1825	Grane	P
8682	Trofors	1825	Grane	G
8683	Trofors	1825	Grane	G
8684	Trofors	1825	Grane	G
8685	Trofors	1825	Grane	G
8691	Hattfjelldal	1826	Hattfjelldal	P
8692	Hattfjelldal	1826	Hattfjelldal	G
8693	Hattfjelldal	1826	Hattfjelldal	G
8694	Hattfjelldal	1826	Hattfjelldal	G
8695	Hattfjelldal	1826	Hattfjelldal	G
8696	Hattfjelldal	1826	Hattfjelldal	G
8700	Nesna	1828	Nesna	G
8701	Nesna	1828	Nesna	P
8704	Nesnastranda	1828	Nesna	G
8705	Strandlandet	1828	Nesna	G
8720	Vikholmen	1828	Nesna	G
8723	Husby	1828	Nesna	G
8724	Saura	1828	Nesna	G
8725	Utskarpen	1833	Rana	G
8730	Aldersundet	1834	Lurøy	G
8732	Aldra	1834	Lurøy	G
8733	Stuvland	1834	Lurøy	G
8735	Stokkvågen	1834	Lurøy	G
8740	Nordsolvær	1834	Lurøy	G
8742	Selvær	1835	Træna	G
8743	Indre Kvarøy	1834	Lurøy	B
8750	Tonnes	1834	Lurøy	G
8752	Konsvikosen	1834	Lurøy	G
8754	Øresvik	1836	Rødøy	G
8762	Sleneset	1834	Lurøy	G
8764	Lovund	1834	Lurøy	B
8766	Lurøy	1834	Lurøy	G
8770	Træna	1835	Træna	B
8800	Sandnessjøen	1820	Alstahaug	G
8801	Sandnessjøen	1820	Alstahaug	P
8802	Sandnessjøen	1820	Alstahaug	G
8803	Sandnessjøen	1820	Alstahaug	G
8804	Sandnessjøen	1820	Alstahaug	G
8805	Sandnessjøen	1820	Alstahaug	P
8809	Sandnessjøen	1820	Alstahaug	P
8813	Løkta	1827	Dønna	G
8820	Dønna	1827	Dønna	G
8827	Dønna	1827	Dønna	P
8830	Vandve	1827	Dønna	G
8842	Brasøy	1818	Herøy (nordland)	B
8844	Sandvær	1818	Herøy (nordland)	B
8845	Seløy	1818	Herøy (nordland)	G
8850	Herøy	1818	Herøy (nordland)	G
8851	Herøy	1818	Herøy (nordland)	P
8852	Herøy	1818	Herøy (nordland)	P
8854	Austbø	1820	Alstahaug	G
8860	Tjøtta	1820	Alstahaug	G
8861	Tjøtta	1820	Alstahaug	P
8865	Tro	1820	Alstahaug	G
8866	Mindlandet	1820	Alstahaug	G
8870	Visthus	1816	Vevelstad	G
8880	Bærøyvågen	1820	Alstahaug	G
8890	Leirfjord	1822	Leirfjord	G
8891	Leirfjord	1822	Leirfjord	P
8892	Sundøya	1822	Leirfjord	G
8897	Bardal	1822	Leirfjord	G
8900	Brønnøysund	1813	Brønnøy	G
8901	Brønnøysund	1813	Brønnøy	P
8902	Brønnøysund	1813	Brønnøy	P
8904	Brønnøysund	1813	Brønnøy	G
8905	Brønnøysund	1813	Brønnøy	P
8906	Brønnøysund	1813	Brønnøy	G
8907	Brønnøysund	1813	Brønnøy	G
8908	Brønnøysund	1813	Brønnøy	G
8909	Brønnøysund	1813	Brønnøy	G
8910	Brønnøysund	1813	Brønnøy	P
8920	Sømna	1812	Sømna	G
8921	Sømna	1812	Sømna	P
8922	Sømna	1812	Sømna	P
8960	Velfjord	1813	Brønnøy	G
8961	Velfjord	1813	Brønnøy	P
8976	Vevelstad	1816	Vevelstad	G
8977	Vevelstad	1816	Vevelstad	P
8981	Vega	1815	Vega	P
8982	Vega	1815	Vega	G
8983	Vega	1815	Vega	G
8984	Vega	1815	Vega	G
8985	Ylvingen	1815	Vega	G
8986	Vega	1815	Vega	G
9006	Tromsø	5501	Tromsø	G
9007	Tromsø	5501	Tromsø	G
9008	Tromsø	5501	Tromsø	G
9009	Tromsø	5501	Tromsø	G
9010	Tromsø	5501	Tromsø	G
9011	Tromsø	5501	Tromsø	G
9012	Tromsø	5501	Tromsø	G
9013	Tromsø	5501	Tromsø	G
9014	Tromsø	5501	Tromsø	G
9015	Tromsø	5501	Tromsø	G
9016	Tromsø	5501	Tromsø	G
9017	Tromsø	5501	Tromsø	G
9018	Tromsø	5501	Tromsø	G
9019	Tromsø	5501	Tromsø	G
9020	Tromsdalen	5501	Tromsø	G
9021	Tromsdalen	5501	Tromsø	G
9022	Krokelvdalen	5501	Tromsø	G
9023	Krokelvdalen	5501	Tromsø	G
9024	Tomasjord	5501	Tromsø	G
9027	Ramfjordbotn	5501	Tromsø	G
9029	Tromsdalen	5501	Tromsø	P
9030	Sjursnes	5501	Tromsø	G
9034	Oldervik	5501	Tromsø	G
9037	Tromsø	5501	Tromsø	P
9038	Tromsø	5501	Tromsø	P
9040	Nordkjosbotn	5532	Balsfjord	G
9042	Laksvatn	5532	Balsfjord	G
9043	Jøvika	5501	Tromsø	G
9045	Lakselvbukt	5501	Tromsø	G
9046	Oteren	5538	Storfjord	G
9049	Nordkjosbotn	5532	Balsfjord	P
9050	Storsteinnes	5532	Balsfjord	G
9055	Meistervik	5532	Balsfjord	G
9056	Mortenhals	5532	Balsfjord	G
9057	Vikran	5501	Tromsø	G
9059	Storsteinnes	5532	Balsfjord	P
9060	Lyngseidet	5536	Lyngen	G
9062	Furuflaten	5536	Lyngen	G
9064	Svensby	5536	Lyngen	G
9068	Nord-Lenangen	5536	Lyngen	G
9069	Lyngseidet	5536	Lyngen	P
9100	Kvaløysletta	5501	Tromsø	G
9101	Kvaløysletta	5501	Tromsø	G
9102	Kvaløysletta	5501	Tromsø	G
9103	Kvaløya	5501	Tromsø	G
9104	Kvaløya	5501	Tromsø	G
9105	Kvaløya	5501	Tromsø	G
9106	Straumsbukta	5501	Tromsø	G
9107	Kvaløya	5501	Tromsø	G
9108	Kvaløya	5501	Tromsø	G
9109	Kvaløya	5501	Tromsø	G
9110	Sommarøya	5501	Tromsø	G
9118	Brensholmen	5501	Tromsø	G
9119	Sommarøya	5501	Tromsø	P
9120	Vengsøy	5501	Tromsø	G
9128	Tussøy	5501	Tromsø	G
9130	Hansnes	5534	Karlsøy	G
9131	Kårvik	5501	Tromsø	G
9132	Stakkvik	5534	Karlsøy	G
9134	Hansnes	5534	Karlsøy	P
9135	Vannvåg	5534	Karlsøy	G
9136	Vannareid	5534	Karlsøy	G
9137	Vannvåg	5534	Karlsøy	P
9138	Karlsøy	5534	Karlsøy	B
9140	Rebbenes	5534	Karlsøy	G
9141	Melvika	5501	Tromsø	G
9142	Skibotn	5538	Storfjord	P
9143	Skibotn	5538	Storfjord	G
9144	Samuelsberg	5540	Gáivuotna Kåfjord	G
9145	Samuelsberg	5540	Gáivuotna Kåfjord	P
9146	Olderdalen	5540	Gáivuotna Kåfjord	G
9147	Birtavarre	5540	Gáivuotna Kåfjord	G
9148	Olderdalen	5540	Gáivuotna Kåfjord	P
9149	Birtavarre	5540	Gáivuotna Kåfjord	P
9151	Storslett	5544	Nordreisa	G
9152	Sørkjosen	5544	Nordreisa	G
9153	Rotsund	5544	Nordreisa	G
9154	Storslett	5544	Nordreisa	G
9155	Sørkjosen	5544	Nordreisa	P
9156	Storslett	5544	Nordreisa	P
9157	Storslett	5544	Nordreisa	G
9158	Storslett	5544	Nordreisa	G
9159	Havnnes	5544	Nordreisa	B
9161	Burfjord	5546	Kvænangen	G
9162	Sørstraumen	5546	Kvænangen	G
9163	Jøkelfjord	5546	Kvænangen	G
9169	Burfjord	5546	Kvænangen	P
9170	Longyearbyen	2100	Svalbard	G
9171	Longyearbyen	2100	Svalbard	P
9173	Ny-Ålesund	2100	Svalbard	B
9174	Hopen	2100	Svalbard	G
9175	Sveagruva	2100	Svalbard	G
9176	Bjørnøya	2100	Svalbard	G
9178	Barentsburg	2100	Svalbard	G
9180	Skjervøy	5542	Skjervøy	G
9181	Hamneidet	5544	Nordreisa	G
9182	Seglvik	5546	Kvænangen	G
9184	Reinfjord	5546	Kvænangen	G
9185	Spildra	5546	Kvænangen	G
9186	Andsnes	5614	Loppa	G
9187	Valanhamn	5546	Kvænangen	G
9189	Skjervøy	5542	Skjervøy	P
9190	Akkarvik	5542	Skjervøy	G
9192	Arnøyhamn	5542	Skjervøy	G
9193	Nikkeby	5542	Skjervøy	G
9194	Lauksletta	5542	Skjervøy	G
9195	Årviksand	5542	Skjervøy	G
9197	Uløybukt	5542	Skjervøy	G
9240	Tromsø	5501	Tromsø	P
9251	Tromsø	5501	Tromsø	P
9252	Tromsø	5501	Tromsø	P
9253	Tromsø	5501	Tromsø	P
9254	Tromsø	5501	Tromsø	P
9255	Tromsø	5501	Tromsø	P
9256	Tromsø	5501	Tromsø	P
9257	Tromsø	5501	Tromsø	P
9258	Tromsø	5501	Tromsø	P
9259	Tromsø	5501	Tromsø	P
9260	Tromsø	5501	Tromsø	P
9261	Tromsø	5501	Tromsø	P
9262	Tromsø	5501	Tromsø	P
9263	Tromsø	5501	Tromsø	P
9265	Tromsø	5501	Tromsø	P
9266	Tromsø	5501	Tromsø	P
9267	Tromsø	5501	Tromsø	P
9268	Tromsø	5501	Tromsø	P
9269	Tromsø	5501	Tromsø	P
9270	Tromsø	5501	Tromsø	P
9271	Tromsø	5501	Tromsø	P
9272	Tromsø	5501	Tromsø	P
9273	Tromsø	5501	Tromsø	P
9274	Tromsø	5501	Tromsø	P
9275	Tromsø	5501	Tromsø	P
9276	Tromsø	5501	Tromsø	P
9277	Tromsø	5501	Tromsø	P
9278	Tromsø	5501	Tromsø	P
9279	Tromsø	5501	Tromsø	P
9280	Tromsø	5501	Tromsø	P
9281	Tromsø	5501	Tromsø	P
9282	Tromsø	5501	Tromsø	P
9283	Tromsø	5501	Tromsø	P
9284	Tromsø	5501	Tromsø	P
9285	Tromsø	5501	Tromsø	P
9286	Tromsø	5501	Tromsø	P
9287	Tromsø	5501	Tromsø	P
9288	Tromsø	5501	Tromsø	P
9291	Tromsø	5501	Tromsø	P
9292	Tromsø	5501	Tromsø	P
9293	Tromsø	5501	Tromsø	P
9294	Tromsø	5501	Tromsø	P
9296	Tromsø	5501	Tromsø	P
9298	Tromsø	5501	Tromsø	P
9299	Tromsø	5501	Tromsø	P
9300	Finnsnes	5530	Senja	G
9302	Rossfjordstraumen	5530	Senja	G
9303	Silsand	5530	Senja	G
9304	Vangsvik	5530	Senja	G
9305	Finnsnes	5530	Senja	P
9306	Finnsnes	5530	Senja	P
9307	Finnsnes	5530	Senja	G
9308	Finnsnes	5530	Senja	G
9309	Finnsnes	5530	Senja	G
9310	Sørreisa	5526	Sørreisa	G
9311	Brøstadbotn	5528	Dyrøy	G
9315	Sørreisa	5526	Sørreisa	P
9316	Brøstadbotn	5528	Dyrøy	P
9321	Moen	5524	Målselv	G
9322	Karlstad	5524	Målselv	G
9325	Bardufoss	5524	Målselv	G
9326	Bardufoss	5524	Målselv	P
9329	Moen	5524	Målselv	P
9334	Øverbygd	5524	Målselv	G
9335	Øverbygd	5524	Målselv	P
9336	Rundhaug	5524	Målselv	G
9350	Sjøvegan	5522	Salangen	G
9355	Sjøvegan	5522	Salangen	P
9357	Tennevoll	5518	Lavangen	G
9358	Tennevoll	5518	Lavangen	P
9360	Bardu	5520	Bardu	G
9365	Bardu	5520	Bardu	P
9370	Silsand	5530	Senja	P
9372	Gibostad	5530	Senja	G
9373	Botnhamn	5530	Senja	G
9376	Skatvik	5530	Senja	G
9379	Gryllefjord	5530	Senja	P
9380	Gryllefjord	5530	Senja	G
9381	Torsken	5530	Senja	G
9382	Gibostad	5530	Senja	P
9384	Skaland	5530	Senja	P
9385	Skaland	5530	Senja	G
9386	Senjahopen	5530	Senja	G
9387	Senjahopen	5530	Senja	P
9388	Fjordgard	5530	Senja	G
9389	Husøy i Senja	5530	Senja	B
9392	Stonglandseidet	5530	Senja	G
9393	Flakstadvåg	5530	Senja	G
9395	Kaldfarnes	5530	Senja	G
9402	Harstad	5503	Harstad	G
9403	Harstad	5503	Harstad	G
9404	Harstad	5503	Harstad	G
9405	Harstad	5503	Harstad	G
9406	Harstad	5503	Harstad	G
9407	Harstad	5503	Harstad	G
9408	Harstad	5503	Harstad	G
9409	Harstad	5503	Harstad	G
9411	Harstad	5503	Harstad	G
9414	Harstad	5503	Harstad	G
9415	Harstad	5503	Harstad	G
9416	Harstad	5503	Harstad	P
9419	Sørvik	5503	Harstad	G
9420	Lundenes	5503	Harstad	G
9423	Grøtavær	5503	Harstad	G
9424	Kjøtta	5503	Harstad	G
9425	Sandsøy	5503	Harstad	G
9426	Bjarkøy	5503	Harstad	G
9427	Meløyvær	5503	Harstad	G
9430	Sandtorg	5503	Harstad	G
9436	Kongsvik	5512	Tjeldsund	G
9439	Evenskjer	5512	Tjeldsund	P
9440	Evenskjer	5512	Tjeldsund	G
9441	Fjelldal	5512	Tjeldsund	G
9442	Ramsund	5512	Tjeldsund	G
9443	Myklebostad	5512	Tjeldsund	G
9444	Hol i Tjeldsund	5512	Tjeldsund	G
9445	Tovik	5512	Tjeldsund	G
9446	Grovfjord	5512	Tjeldsund	G
9447	Grovfjord	5512	Tjeldsund	P
9448	Ramsund	5512	Tjeldsund	P
9450	Hamnvik	5514	Ibestad	G
9451	Hamnvik	5514	Ibestad	P
9453	Kråkrøhamn	5514	Ibestad	G
9454	Ånstad	5514	Ibestad	G
9455	Engenes	5514	Ibestad	G
9470	Gratangen	5516	Gratangen	G
9471	Gratangen	5516	Gratangen	P
9475	Borkenes	5510	Kvæfjord	G
9476	Borkenes	5510	Kvæfjord	P
9479	Harstad	5503	Harstad	P
9480	Harstad	5503	Harstad	P
9481	Harstad	5503	Harstad	P
9482	Harstad	5503	Harstad	P
9483	Harstad	5503	Harstad	P
9484	Harstad	5503	Harstad	P
9485	Harstad	5503	Harstad	P
9486	Harstad	5503	Harstad	P
9487	Harstad	5503	Harstad	P
9488	Harstad	5503	Harstad	P
9489	Harstad	5503	Harstad	P
9496	Harstad	5503	Harstad	P
9497	Harstad	5503	Harstad	P
9498	Harstad	5503	Harstad	P
9501	Alta	5601	Alta	P
9502	Alta	5601	Alta	P
9503	Alta	5601	Alta	P
9504	Alta	5601	Alta	P
9505	Alta	5601	Alta	P
9506	Alta	5601	Alta	P
9507	Alta	5601	Alta	P
9508	Alta	5601	Alta	P
9509	Alta	5601	Alta	P
9510	Alta	5601	Alta	G
9511	Alta	5601	Alta	G
9512	Alta	5601	Alta	G
9513	Alta	5601	Alta	G
9514	Alta	5601	Alta	G
9515	Alta	5601	Alta	G
9516	Alta	5601	Alta	G
9517	Alta	5601	Alta	G
9518	Alta	5601	Alta	G
9519	Kviby	5601	Alta	G
9520	Kautokeino	5612	Guovdageaidnu Kautokeino	G
9521	Kautokeino	5612	Guovdageaidnu Kautokeino	P
9522	Kautokeino	5612	Guovdageaidnu Kautokeino	G
9523	Kautokeino	5612	Guovdageaidnu Kautokeino	G
9524	Kautokeino	5612	Guovdageaidnu Kautokeino	G
9525	Maze	5612	Guovdageaidnu Kautokeino	B
9527	Kautokeino	5612	Guovdageaidnu Kautokeino	G
9528	Kautokeino	5612	Guovdageaidnu Kautokeino	G
9529	Kautokeino	5612	Guovdageaidnu Kautokeino	G
9531	Kvalfjord	5601	Alta	B
9532	Hakkstabben	5601	Alta	G
9533	Kongshus	5601	Alta	B
9536	Korsfjorden	5601	Alta	G
9537	Tverrelvdalen	5601	Alta	G
9538	Alta	5601	Alta	G
9540	Talvik	5601	Alta	G
9541	Alta	5601	Alta	G
9545	Langfjordbotn	5601	Alta	G
9550	Øksfjord	5614	Loppa	G
9552	Øksfjorden	5614	Loppa	G
9580	Bergsfjord	5614	Loppa	B
9582	Nuvsvåg	5614	Loppa	G
9583	Langfjordhamn	5614	Loppa	G
9584	Sør-Tverrfjord	5614	Loppa	B
9585	Sandland	5614	Loppa	G
9586	Loppa	5614	Loppa	G
9587	Skavnakk	5614	Loppa	G
9590	Hasvik	5616	Hasvik	G
9591	Hasvik	5616	Hasvik	P
9593	Breivikbotn	5616	Hasvik	B
9595	Sørvær	5616	Hasvik	B
9600	Hammerfest	5603	Hammerfest	G
9601	Hammerfest	5603	Hammerfest	G
9602	Hammerfest	5603	Hammerfest	G
9603	Hammerfest	5603	Hammerfest	G
9609	Nordre Seiland	5603	Hammerfest	G
9610	Rypefjord	5603	Hammerfest	G
9611	Rypefjord	5603	Hammerfest	P
9612	Forsøl	5603	Hammerfest	G
9615	Hammerfest	5603	Hammerfest	P
9616	Hammerfest	5603	Hammerfest	P
9620	Kvalsund	5603	Hammerfest	G
9621	Kvalsund	5603	Hammerfest	P
9624	Revsneshamn	5603	Hammerfest	G
9650	Akkarfjord	5603	Hammerfest	B
9651	Langstrand	5603	Hammerfest	G
9653	Hellefjord	5603	Hammerfest	G
9657	Kårhamn	5603	Hammerfest	G
9664	Sandøybotn	5603	Hammerfest	G
9670	Tufjord	5618	Måsøy	B
9672	Ingøy	5618	Måsøy	B
9690	Havøysund	5618	Måsøy	G
9691	Havøysund	5618	Måsøy	P
9692	Måsøy	5618	Måsøy	B
9700	Lakselv	5622	Porsanger Porsángu Porsanki	G
9709	Porsangmoen	5622	Porsanger Porsángu Porsanki	G
9710	Indre Billefjord	5622	Porsanger Porsángu Porsanki	G
9711	Lakselv	5622	Porsanger Porsángu Porsanki	P
9712	Lakselv	5622	Porsanger Porsángu Porsanki	P
9713	Russenes	5622	Porsanger Porsángu Porsanki	G
9714	Snefjord	5618	Måsøy	G
9715	Kokelv	5603	Hammerfest	G
9716	Børselv	5622	Porsanger Porsángu Porsanki	G
9717	Veidnes	5624	Lebesby	B
9722	Skoganvarre	5622	Porsanger Porsángu Porsanki	G
9730	Karasjok	5610	Karasjohka Karasjok	G
9731	Karasjok	5610	Karasjohka Karasjok	G
9732	Karasjok	5610	Karasjohka Karasjok	G
9733	Karasjok	5610	Karasjohka Karasjok	G
9734	Karasjok	5610	Karasjohka Karasjok	G
9735	Karasjok	5610	Karasjohka Karasjok	P
9736	Karasjok	5610	Karasjohka Karasjok	G
9737	Karasjok	5610	Karasjohka Karasjok	G
9740	Lebesby	5624	Lebesby	G
9742	Kunes	5624	Lebesby	B
9750	Honningsvåg	5620	Nordkapp	G
9751	Honningsvåg	5620	Nordkapp	P
9760	Nordvågen	5620	Nordkapp	G
9762	Kamøyvær	5620	Nordkapp	G
9763	Skarsvåg	5620	Nordkapp	G
9764	Nordkapp	5620	Nordkapp	G
9765	Gjesvær	5620	Nordkapp	G
9766	Sarnes	5620	Nordkapp	G
9768	Repvåg	5620	Nordkapp	G
9770	Mehamn	5626	Gamvik	B
9771	Skjånes	5626	Gamvik	G
9772	Langfjordnes	5626	Gamvik	G
9773	Nervei	5626	Gamvik	B
9775	Gamvik	5626	Gamvik	B
9782	Dyfjord	5624	Lebesby	G
9790	Kjøllefjord	5624	Lebesby	B
9800	Vadsø	5607	Vadsø	G
9801	Vadsø	5607	Vadsø	G
9802	Vestre Jakobselv	5607	Vadsø	G
9803	Vadsø	5607	Vadsø	G
9804	Vadsø	5607	Vadsø	G
9810	Vestre Jakobselv	5607	Vadsø	P
9811	Vadsø	5607	Vadsø	P
9815	Vadsø	5607	Vadsø	P
9820	Varangerbotn	5636	Unjargga Nesseby	P
9826	Sirma	5628	Deatnu Tana	G
9840	Varangerbotn	5636	Unjargga Nesseby	G
9841	Tana	5628	Deatnu Tana	G
9842	Tana	5628	Deatnu Tana	G
9843	Tana	5628	Deatnu Tana	G
9844	Tana	5628	Deatnu Tana	G
9845	Tana	5628	Deatnu Tana	G
9846	Tana	5628	Deatnu Tana	P
9900	Kirkenes	5605	Sør-Varanger	G
9901	Kirkenes	5605	Sør-Varanger	G
9910	Bjørnevatn	5605	Sør-Varanger	G
9911	Jarfjord	5605	Sør-Varanger	G
9912	Hesseng	5605	Sør-Varanger	G
9914	Bjørnevatn	5605	Sør-Varanger	P
9915	Kirkenes	5605	Sør-Varanger	P
9916	Hesseng	5605	Sør-Varanger	P
9917	Kirkenes	5605	Sør-Varanger	P
9925	Svanvik	5605	Sør-Varanger	G
9926	Pasvik	5605	Sør-Varanger	G
9930	Neiden	5605	Sør-Varanger	G
9935	Bugøynes	5605	Sør-Varanger	B
9950	Vardø	5634	Vardø	G
9951	Vardø	5634	Vardø	P
9952	Vardø	5634	Vardø	G
9955	Svartnes	5634	Vardø	G
9960	Kiberg	5634	Vardø	G
9980	Berlevåg	5630	Berlevåg	G
9981	Berlevåg	5630	Berlevåg	P
9982	Kongsfjord	5630	Berlevåg	G
9990	Båtsfjord	5632	Båtsfjord	G
9991	Båtsfjord	5632	Båtsfjord	P
